"Institutional sectors";"Not Consolidated or Consolidated";"Balance sheets and transactions";"Periods";"Assets/Total (million euros)";"Assets/Monetary gold and special drawing rights/Total (million euros)";"Assets/Monetary gold and special drawing rights/Monetary gold (million euros)";"Assets/Monetary gold and special drawing rights/Special drawing rights (SDRs) (million euros)";"Assets/Currency and deposits/Total (million euros)";"Assets/Currency and deposits/Currency (million euros)";"Assets/Currency and deposits/Transferable deposits (million euros)";"Assets/Currency and deposits/Savings deposits and other deposits/Total (million euros)";"Assets/Currency and deposits/Savings deposits and other deposits/Savings deposits (million euros)";"Assets/Currency and deposits/Savings deposits and other deposits/Other deposits (million euros)";"Assets/Debt securities/Total (million euros)";"Assets/Debt securities/Short-term securities (million euros)";"Assets/Debt securities/Long-term securities (million euros)";"Assets/Loans/Total (million euros)";"Assets/Loans/Short-term loans (million euros)";"Assets/Loans/Long-term loans (million euros)";"Assets/Equity and investment fund shares/Total (million euros)";"Assets/Equity and investment fund shares/Equity/Total (million euros)";"Assets/Equity and investment fund shares/Equity/Listed shares (million euros)";"Assets/Equity and investment fund shares/Equity/Unlisted shares (million euros)";"Assets/Equity and investment fund shares/Equity/Other equity (million euros)";"Assets/Equity and investment fund shares/Investment fund shares or units/Total (million euros)";"Assets/Equity and investment fund shares/Investment fund shares or units/Money market fund (MMF) shares or units  (million euros)";"Assets/Equity and investment fund shares/Investment fund shares or units/Non-MMF investment fund shares/units (million euros)";"Assets/Insurance and pension schemes/Total (million euros)";"Assets/Insurance and pension schemes/Non-life insurance technical reserves (million euros)";"Assets/Insurance and pension schemes/Life insurance and annuity entitlements (million euros)";"Assets/Insurance and pension schemes/Pension entitlements and claims/Total (million euros)";"Assets/Insurance and pension schemes/Pension entitlements and claims/Pension entitlements (mln euro)";"Assets/Insurance and pension schemes/Pension entitlements and claims/Other claims/Total (mln euro)";"Assets/Insurance and pension schemes/Pension entitlements and claims/Other claims/Claims on pension managers (mln euro)";"Assets/Insurance and pension schemes/Pension entitlements and claims/Other claims/Rights on non-pension entitlements (mln euro)";"Assets/Insurance and pension schemes/Provisions for calls under guarantees (million euros)";"Assets/Fin. derivatives, employee stock options/Total (million euros)";"Assets/Fin. derivatives, employee stock options/Financial derivatives/Total (million euros)";"Assets/Fin. derivatives, employee stock options/Financial derivatives/Options (million euros)";"Assets/Fin. derivatives, employee stock options/Financial derivatives/Forwards (million euros)";"Assets/Fin. derivatives, employee stock options/Employee stock options (million euros)";"Assets/Other accounts receivable/payable/Total (million euros)";"Assets/Other accounts receivable/payable/Trade credits and advances (million euros)";"Assets/Other accounts receivable/payable/Other receivable/payable (million euros)";"Liabilities/Totaal (million euros)";"Liabilities/Monetary gold and special drawing rights/Total (million euros)";"Liabilities/Monetary gold and special drawing rights/Monetary gold (million euros)";"Liabilities/Monetary gold and special drawing rights/Special drawing rights (SDRs) (million euros)";"Liabilities/Currency and deposits/Total (million euros)";"Liabilities/Currency and deposits/Currency (million euros)";"Liabilities/Currency and deposits/Transferable deposits (million euros)";"Liabilities/Currency and deposits/Savings deposits and other deposits/Total (million euros)";"Liabilities/Currency and deposits/Savings deposits and other deposits/Savings deposits (million euros)";"Liabilities/Currency and deposits/Savings deposits and other deposits/Other deposits (million euros)";"Liabilities/Debt securities/Total (million euros)";"Liabilities/Debt securities/Short-term securities (million euros)";"Liabilities/Debt securities/Long-term securities (million euros)";"Liabilities/Loans/Total (million euros)";"Liabilities/Loans/Short-term loans (million euros)";"Liabilities/Loans/Long-term loans (million euros)";"Liabilities/Equity and investment fund shares/Total (million euros)";"Liabilities/Equity and investment fund shares/Equity/Total (million euros)";"Liabilities/Equity and investment fund shares/Equity/Listed shares (million euros)";"Liabilities/Equity and investment fund shares/Equity/Unlisted shares (million euros)";"Liabilities/Equity and investment fund shares/Equity/Other equity (million euros)";"Liabilities/Equity and investment fund shares/Investment fund shares or units/Total (million euros)";"Liabilities/Equity and investment fund shares/Investment fund shares or units/Money market fund (MMF) shares or units (million euros)";"Liabilities/Equity and investment fund shares/Investment fund shares or units/Non-MMF investment fund shares/units (million euros)";"Liabilities/Insurance, pension and guarantee schemes/Total (million euros)";"Liabilities/Insurance, pension and guarantee schemes/Non-life insurance technical reserves (million euros)";"Liabilities/Insurance, pension and guarantee schemes/Life insurance and annuity entitlements  (million euros)";"Liabilities/Insurance, pension and guarantee schemes/Pension entitlements and claims/Total (million euros)";"Liabilities/Insurance, pension and guarantee schemes/Pension entitlements and claims/Pension entitlements (mln euro)";"Liabilities/Insurance, pension and guarantee schemes/Pension entitlements and claims/Other claims/Total (mln euro)";"Liabilities/Insurance, pension and guarantee schemes/Pension entitlements and claims/Other claims/Claims on pension managers (mln euro)";"Liabilities/Insurance, pension and guarantee schemes/Pension entitlements and claims/Other claims/Rights on non-pension entitlements (mln euro)";"Liabilities/Insurance, pension and guarantee schemes/Provisions for calls under guarantees (million euros)";"Liabilities/Fin. derivatives, employee stock options/Total (million euros)";"Liabilities/Fin. derivatives, employee stock options/Financial derivatives/Total (million euros)";"Liabilities/Fin. derivatives, employee stock options/Financial derivatives/Options (million euros)";"Liabilities/Fin. derivatives, employee stock options/Financial derivatives/Forwards (million euros)";"Liabilities/Fin. derivatives, employee stock options/Employee stock (million euros)";"Liabilities/Other accounts receivable/payable/Total (million euros)";"Liabilities/Other accounts receivable/payable/Trade credits and advances (million euros)";"Liabilities/Other accounts receivable/payable/Other receivable/payable (million euros)";"Net worth (million euros)"
"Total domestic sectors";"Not consolidated";"Opening balance sheet";"2015";15505106;24903;19450;5453;1369365;18281;469758;881326;336780;544546;1240803;45661;1195142;4435367;1539232;2896135;5855466;4887759;572519;4208158;107082;967707;45825;921882;1449348;49845;144665;1254758;1240626;14132;11808;2324;80;638036;637515;79011;558504;521;491818;169878;321940;15340822;5769;;5769;1494812;54053;633929;806830;326844;479986;1896053;121883;1774170;3939583;1366796;2572787;5421229;4676488;728378;3568920;379190;744741;8609;736132;1445498;42167;147460;1255791;1241659;14132;11808;2324;80;599374;598853;78232;520621;521;538504;153088;385416;164284
"Total domestic sectors";"Not consolidated";"Opening balance sheet";"2016";16216753;25215;19213;6002;1495762;16758;565874;913130;341177;571953;1266850;37455;1229395;4563208;1550779;3012429;6343088;5344516;593885;4639073;111558;998572;50375;948197;1533194;47171;143259;1342680;1332230;10450;7704;2746;84;511447;510977;59526;451451;470;477989;176191;301798;16024705;6158;;6158;1628950;57244;740083;831623;333314;498309;1878247;101816;1776431;4077513;1383275;2694238;5889798;5130165;839156;3870700;420309;759633;9910;749723;1529288;42302;143259;1343643;1333193;10450;7704;2746;84;488985;488515;56233;432282;470;525766;157960;367806;192048
"Total domestic sectors";"Not consolidated";"Opening balance sheet";"2017";17412074;27383;21662;5721;1601477;15384;581904;1004189;347183;657006;1334250;46874;1287376;4743032;1550169;3192863;7012464;5916686;685602;5095799;135285;1095778;48696;1047082;1667012;42097;143867;1480961;1468191;12770;8789;3981;87;526541;526038;68067;457971;503;499915;185543;314372;17127647;6172;;6172;1760581;59483;795234;905864;339431;566433;1947387;112804;1834583;4188811;1361649;2827162;6533168;5696926;983148;4272913;440865;836242;7580;828662;1663709;40621;142467;1480534;1467764;12770;8789;3981;87;490669;490166;65962;424204;503;537150;168892;368258;284427
"Total domestic sectors";"Not consolidated";"Opening balance sheet";"2018";17622943;26626;21305;5321;1667703;14633;614679;1038391;350494;687897;1327998;50723;1277275;4770373;1541494;3228879;7260435;6098145;737221;5219606;141318;1162290;54166;1108124;1649727;38234;134538;1476863;1461001;15862;12389;3473;92;421290;420812;68858;351954;478;498791;191206;307585;17325774;5756;;5756;1764977;61827;814439;888711;343355;545356;1832514;109672;1722842;4335187;1468569;2866618;6804911;5909761;1092729;4474897;342135;895150;6427;888723;1642390;36166;133158;1472974;1457112;15862;12389;3473;92;383630;383152;66277;316875;478;556409;176023;380386;297169
"Total domestic sectors";"Not consolidated";"Opening balance sheet";"2019";17406207;27777;22069;5708;1656963;14384;605055;1037524;356578;680946;1344479;47160;1297319;4791582;1461294;3330288;7035300;5896054;667437;5069334;159283;1139246;60502;1078744;1686986;36920;122301;1527674;1513120;14554;9973;4581;91;386519;386040;86077;299963;479;476601;194721;281880;17008470;5895;;5895;1755655;64985;818607;872063;351410;520653;1858630;116225;1742405;4309756;1426741;2883015;6555699;5688733;921949;4431426;335358;866966;6022;860944;1681222;36654;120961;1523516;1508962;14554;9973;4581;91;339177;338698;76283;262415;479;502436;181122;321314;397737
"Total domestic sectors";"Not consolidated";"Opening balance sheet";"2020";18527717;32828;26733;6095;1657734;14918;600945;1041871;369337;672534;1409590;49979;1359611;4757508;1495091;3262417;7714417;6431372;841698;5414122;175552;1283045;60334;1222711;1946854;38690;134580;1773486;1757412;16074;10432;5642;98;521332;520858;86130;434728;474;487454;192059;295395;17962483;5989;;5989;1727018;70029;782182;874807;363403;511404;1934566;108518;1826048;4214357;1409649;2804708;7206662;6217655;1268167;4610536;338952;989007;5705;983302;1940264;38740;133080;1768346;1752272;16074;10432;5642;98;439843;439369;80168;359201;474;493784;180626;313158;565234
"Total domestic sectors";"Not consolidated";"Opening balance sheet";"2021";19020745;35986;30177;5809;1984288;16582;808362;1159344;393556;765788;1454733;83728;1371005;4659618;1400243;3259375;7622980;6270267;928074;5149266;192927;1352713;79755;1272958;2152547;40731;130440;1981284;1969701;11583;9471;2112;92;611982;611593;107031;504562;389;498611;181898;316713;18300806;5726;;5726;2023966;77846;1000597;945523;386801;558722;1987737;101231;1886506;4094115;1332140;2761975;7051717;6015737;1240676;4440168;334893;1035980;6187;1029793;2145139;40896;128863;1975288;1963705;11583;9471;2112;92;482465;482076;99180;382896;389;509941;176551;333390;719939
"Total domestic sectors";"Not consolidated";"Opening balance sheet";"2022";19833880;48619;31692;16927;2147265;19554;927672;1200039;408671;791368;1520749;82110;1438639;4924169;1428712;3495457;8078848;6654521;1074904;5358514;221103;1424327;73163;1351164;2052545;40465;122077;1889907;1872316;17591;14595;2996;96;507075;506625;110125;396500;450;554610;215598;339012;19189746;16353;;16353;2228247;83785;1119186;1025276;400405;624871;2037617;90198;1947419;4213941;1289583;2924358;7654487;6593077;1525976;4706528;360573;1061410;3054;1058356;2045217;40487;120536;1884098;1866507;17591;14595;2996;96;440572;440122;106740;333382;450;553312;198376;354936;644134
"Total domestic sectors";"Not consolidated";"Opening balance sheet";"2023";19338874;50815;33594;17221;2304563;22185;968536;1313842;432336;881506;1247150;67922;1179228;5115113;1577298;3537815;7633739;6488628;927434;5354575;206619;1145111;73931;1071180;1637079;39386;99912;1497665;1484208;13457;13457;0;116;740035;739518;138969;600549;517;610380;239306;371074;18786193;16620;;16620;2248972;85303;1172109;991560;422493;569067;1867405;128390;1739015;4296136;1328551;2967585;7324519;6543268;1191667;5024265;327336;781251;1559;779692;1631258;39377;98598;1493167;1479710;13457;13457;0;116;794281;793764;133978;659786;517;607002;219230;387772;552681
"Total domestic sectors";"Not consolidated";"Opening balance sheet";"2024";19249801;54099;36780;17319;2177972;25194;811309;1341469;464616;876853;1316513;72057;1244456;5083671;1599812;3483859;7599069;6394906;965516;5204527;224863;1204163;102412;1101751;1778549;41751;101055;1635592;1622872;12720;12720;0;151;615544;614956;150967;463989;588;624384;239007;385377;18683870;16177;;16177;2120990;84373;1000671;1035946;449919;586027;1924240;126039;1798201;4214100;1294614;2919486;7358053;6544857;1347384;4846763;350710;813196;1055;812141;1772668;41811;99741;1630965;1618245;12720;12720;0;151;658877;658289;147907;510382;588;618765;215068;403697;565931
"Total domestic sectors";"Not consolidated";"Opening balance sheet";"2025*";19961008;66711;49447;17264;2254507;30528;833197;1390782;496890;893892;1404237;77187;1327050;5182463;1606703;3575760;7932343;6663911;1099194;5310962;253755;1268432;79841;1188591;1885387;42552;101169;1741475;1729905;11570;11570;0;191;599693;599036;158753;440283;657;635667;245310;390357;19235682;16668;;16668;2184940;86890;1017284;1080766;478461;602305;1977245;139469;1837776;4248431;1261394;2987037;7666280;6777916;1362277;5055300;360339;888364;1680;886684;1879091;42254;99793;1736853;1725283;11570;11570;0;191;632955;632298;154304;477994;657;630072;224146;405926;725326
"Total domestic sectors";"Not consolidated";"Opening balance sheet";"2026 1st quarter*";20071265;88421;72250;16171;2385896;37064;822233;1526599;536078;990521;1383013;71016;1311997;5289006;1644480;3644526;7952676;6736814;1113821;5343592;279401;1215862;80292;1135570;1700659;43423;97171;1559854;1547692;12162;12162;0;211;614723;614075;192640;421435;648;656871;247400;409471;19512675;15473;;15473;2272192;88604;972178;1211410;513139;698271;2017659;134747;1882912;4322360;1301284;3021076;7834938;6983602;1550657;5061538;371407;851336;2912;848424;1694700;42929;95789;1555771;1543609;12162;12162;0;211;694640;693992;180598;513394;648;660713;228100;432613;558590
"Total domestic sectors";"Not consolidated";"Opening balance sheet";"2026 2nd quarter*";20510512;94996;78640;16356;2482062;38224;861297;1582541;544604;1037937;1437266;92636;1344630;5336331;1686355;3649976;7947181;6721896;1061703;5371633;288560;1225285;90041;1135244;1845762;45362;95518;1704666;1693195;11471;11471;0;216;657146;656481;232942;423539;665;709768;251107;458661;19976342;15683;;15683;2368249;87232;1034497;1246520;520943;725577;2040218;165320;1874898;4362587;1324575;3038012;7922838;7069839;1555718;5133415;380706;852999;3171;849828;1839826;44981;94148;1700481;1689010;11471;11471;0;216;723839;723174;213403;509771;665;703102;228338;474764;534170
"Total domestic sectors";"Not consolidated";"Financial transactions";"2015";516754;184;0;184;101456;-1523;89376;13603;4390;9213;38256;-9272;47528;40004;-27341;67345;318128;321579;-25116;344768;1927;-3451;8148;-11599;19646;-1297;-6008;26947;26114;833;411;422;4;14066;14082;-6825;20907;-16;-14986;6157;-21143;500215;0;;0;105441;3191;92495;9755;6463;3292;-34132;-24969;-9163;73267;-13627;86894;355206;353597;94998;232606;25993;1609;1301;308;19686;-1088;-6036;26806;25973;833;411;422;4;-4200;-4184;-4184;;-16;-15053;4706;-19759;16539
"Total domestic sectors";"Not consolidated";"Financial transactions";"2016";746201;-287;0;-287;105010;-1374;57405;48979;6696;42283;39709;9318;30391;120391;-20691;141082;440462;408822;37597;354585;16640;31640;7275;24365;15390;-6103;-7081;28571;26754;1817;582;1235;3;3806;3791;14503;-10712;15;21720;9346;12374;695122;5;;5;129377;2239;96930;30208;6857;23351;56469;10750;45719;56744;-29975;86719;409008;384158;53945;356299;-26086;24850;-2330;27180;16135;-2542;-8481;27155;25338;1817;582;1235;3;15743;15728;15728;;15;11641;10960;681;51079
"Total domestic sectors";"Not consolidated";"Financial transactions";"2017";467354;-6;0;-6;94226;-751;40400;54577;3580;50997;31815;6088;25727;164900;49165;115735;165412;135718;-4782;137606;2894;29694;5970;23724;15708;-3591;-7600;26894;27111;-217;291;-508;5;-5258;-5243;17175;-22418;-15;557;5949;-5392;406709;5;;5;41536;2344;37470;1722;3948;-2226;-29652;4169;-33821;229714;155087;74627;114216;84592;10685;139398;-65491;29624;-1153;30777;12610;-3711;-7602;23918;24135;-217;291;-508;5;16220;16235;16235;;-15;22060;7412;14648;60645
"Total domestic sectors";"Not consolidated";"Financial transactions";"2018";-288535;269;0;269;-18334;-249;-11096;-6989;6051;-13040;23551;-4002;27553;-11909;-94003;82094;-324310;-319979;-11073;-322309;13403;-4331;5840;-10171;16598;-1526;-7058;25183;23939;1244;136;1108;-1;47389;47397;36618;10779;-8;-21789;3422;-25211;-346815;6;;6;-20243;3158;-998;-22403;8038;-30441;43845;3844;40001;-61556;-60184;-1372;-303290;-301038;-59189;-150622;-91227;-2252;-405;-1847;17973;292;-7060;24742;23498;1244;136;1108;-1;30815;30823;30823;;-8;-54365;5067;-59432;58280
"Total domestic sectors";"Not consolidated";"Financial transactions";"2019";122942;283;0;283;-3122;534;-3885;229;12700;-12471;21996;3492;18504;-61456;24921;-86377;73872;86870;15006;68432;3432;-12998;5201;-18199;24793;694;-6396;30488;29237;1251;190;1061;7;57254;57240;62275;-5035;14;9322;-2875;12197;70686;5;;5;-35199;5044;-39943;-300;11986;-12286;8771;-9408;18179;-107042;-24628;-82414;119657;131860;73457;97868;-39465;-12203;1875;-14078;24715;1007;-6427;30128;28877;1251;190;1061;7;68996;68982;68982;;14;-9217;-765;-8452;52256
"Total domestic sectors";"Not consolidated";"Financial transactions";"2020";404824;-31;0;-31;344287;1664;212730;129893;24369;105524;27821;33863;-6042;-29608;-69983;40375;-34477;-80485;30894;-119132;7753;46008;20441;25567;23635;1400;-4853;27094;30144;-3050;480;-3530;-6;59736;59735;81522;-21787;1;13461;-10161;23622;357893;5;;5;317722;7817;229975;79930;23406;56524;44789;-3081;47870;-76183;-54221;-21962;-50026;-77811;-59421;4882;-23272;27785;482;27303;23776;2040;-4855;26597;29647;-3050;480;-3530;-6;80221;80220;80220;;1;17589;-3882;21471;46931
"Total domestic sectors";"Not consolidated";"Financial transactions";"2021";347226;10592;0;10592;146644;2972;114407;29265;15001;14264;103573;-1944;105517;119091;-9193;128284;-165114;-11081;-18930;6432;1417;-154033;-7768;-146265;17919;130;-6151;23936;22912;1024;140;884;4;60729;60681;51963;8718;48;53792;33613;20179;260723;10078;;10078;183634;5939;106500;71195;13584;57611;59008;-15485;74493;-4911;-76547;71636;-97368;39092;113762;-84984;10314;-136460;-3133;-133327;17327;-9;-6151;23483;22459;1024;140;884;4;50480;50432;50432;;48;42475;21828;20647;86503
"Total domestic sectors";"Not consolidated";"Financial transactions";"2022";590896;101;0;101;147200;2631;37526;107043;23391;83652;-34545;-14310;-20235;151947;133369;18578;-233857;-62333;-47559;-33814;19040;-171524;-18;-171506;23749;189;-4070;27610;30472;-2862;134;-2996;20;483568;483492;440449;43043;76;52733;23563;29170;416351;77;;77;10226;1518;46728;-38020;22102;-60122;51255;36517;14738;55288;25631;29657;-208070;-44633;-23177;49794;-71250;-163437;-1490;-161947;23526;302;-4070;27274;30136;-2862;134;-2996;20;432423;432347;432347;;76;51626;20899;30727;174545
"Total domestic sectors";"Not consolidated";"Financial transactions";"2023";-32271;607;0;607;-118627;3009;-154398;32762;32443;319;27596;3479;24117;13438;19188;-5750;-296428;-314410;-46892;-273295;5777;17982;27646;-9664;25077;2033;-4103;27112;26962;150;150;0;35;303494;303416;313996;-10580;78;12572;-199;12771;-122714;39;;39;-119663;-930;-166075;47342;27441;19901;-6238;-3056;-3182;-43113;-40412;-2701;-309206;-301471;-55538;-269099;23166;-7735;-526;-7209;24961;2298;-4103;26731;26581;150;150;0;35;319177;319099;319099;;78;11329;-3552;14881;90443
"Total domestic sectors";"Not consolidated";"Financial transactions";"2024";509019;-575;0;-575;66621;5334;20350;40937;32207;8730;88146;5640;82506;67535;-18217;85752;-79923;-32202;-9751;-33935;11484;-47721;-26467;-21254;28056;624;-4585;31977;31526;451;451;0;40;328535;328532;312695;15837;3;10624;6321;4303;434281;-5;;-5;46394;2517;5707;38170;28497;9673;18574;2149;16425;21231;-37595;58826;-986;8062;-18986;44551;-17503;-9048;605;-9653;27568;369;-4585;31744;31293;451;451;0;40;311398;311395;311395;;3;10107;9159;948;74738
"Total domestic sectors";"Not consolidated";"Financial transactions";"2025*";872328;124;0;124;163095;6536;-4352;160911;39293;121618;26980;-6261;33241;170332;66491;103841;-51335;353;-48888;38227;11014;-51688;1856;-53544;31377;1312;-4396;34441;34232;209;209;0;20;512422;512421;503931;8490;1;19333;2179;17154;796555;-7;;-7;123276;1714;-23851;145413;34783;110630;85882;1064;84818;110283;51282;59001;-78183;-30791;-12599;-22791;4599;-47392;1232;-48624;31027;1359;-4396;34044;33835;209;209;0;20;494235;494234;494234;;1;30042;3936;26106;75773
"Total domestic sectors";"Not consolidated";"Financial transactions";"2026 1st quarter*";550446;-40;0;-40;92849;1160;39126;52563;8512;44051;65089;21632;43457;40870;39608;1262;31491;23967;-17897;40119;1745;7524;8828;-1304;124114;1872;-830;123067;123023;44;44;0;5;143352;143354;145285;-1931;-2;52721;3714;49007;524443;-7;;-7;90931;-1372;59895;32408;7790;24618;38995;29011;9984;38420;24477;13943;52414;50766;23916;28617;-1767;1648;275;1373;124172;2002;-830;122995;122951;44;44;0;5;137521;137523;137523;;-2;41997;208;41789;26003
"Total domestic sectors";"Not consolidated";"Financial transactions";"2026 2nd quarter*";80112;117;0;117;15810;2040;-16363;30133;13050;17083;4908;14909;-10001;22986;44896;-21910;-31208;-20036;-29589;1945;7608;-11172;-508;-10664;11853;-102;-1308;13258;13214;44;44;0;5;65193;65195;61716;3479;-2;-9547;7695;-17242;72206;3;;3;8890;854;-22055;30091;12942;17149;15584;8397;7187;-27629;-904;-26725;-1280;1547;-1483;24;3006;-2827;-12;-2815;11769;-84;-1308;13156;13112;44;44;0;5;54711;54713;54713;;-2;10158;6564;3594;7906
"Total domestic sectors";"Not consolidated";"Other changes";"2015";194893;128;-237;365;24941;0;6740;18201;7;18194;-12209;1066;-13275;87837;38888;48949;169494;135178;46482;86147;2549;34316;-3598;37914;64200;-1377;4602;60975;65490;-4515;-4515;0;0;-140655;-140620;-12660;-127960;-35;1157;156;1001;183668;389;;389;28697;0;13659;15038;7;15031;16326;4902;11424;64663;30106;34557;113363;100080;15780;69174;15126;13283;0;13283;64104;1223;1835;61046;65561;-4515;-4515;0;0;-106189;-106154;-17815;-88339;-35;2315;166;2149;11225
"Total domestic sectors";"Not consolidated";"Other changes";"2016";449120;2455;2449;6;705;0;-41375;42080;-690;42770;27691;101;27590;59433;20081;39352;228914;163348;54120;102141;7087;65566;-8954;74520;118428;1029;7689;109710;109207;503;503;0;0;11288;11270;-5962;17232;18;206;6;200;407820;9;;9;2254;0;-41779;44033;-740;44773;12671;238;12433;54554;8349;46205;234362;182603;90047;45914;46642;51759;0;51759;118286;861;7689;109736;109233;503;503;0;0;-14059;-14077;-5999;-8078;18;-257;-28;-229;41300
"Total domestic sectors";"Not consolidated";"Other changes";"2017";-256485;-751;-357;-394;-28000;0;-7625;-20375;-269;-20106;-38067;-2239;-35828;-137559;-57840;-79719;82559;45741;56401;-13799;3139;36818;-500;37318;-32993;-272;-1729;-30992;-34301;3309;3309;0;0;-99993;-99983;-16384;-83599;-10;-1681;-286;-1395;-208582;-421;;-421;-37140;0;-18265;-18875;-24;-18851;-85221;-7301;-77920;-83338;-48167;-35171;157527;128243;98896;62586;-33239;29284;0;29284;-33929;-744;-1707;-31478;-34787;3309;3309;0;0;-123259;-123249;-15920;-107329;-10;-2801;-281;-2520;-47903
"Total domestic sectors";"Not consolidated";"Other changes";"2018";71799;882;764;118;7594;0;1472;6122;33;6089;-7070;439;-7509;33118;13803;19315;99175;117888;-58711;172037;4562;-18713;496;-19209;20661;212;-5179;25628;28180;-2552;-2552;0;0;-82160;-82169;-19399;-62770;9;-401;93;-494;29511;133;;133;10921;0;5166;5755;17;5738;-17729;2709;-20438;36125;18356;17769;54078;80010;-111591;107151;84450;-25932;0;-25932;20859;196;-5137;25800;28352;-2552;-2552;0;0;-75268;-75277;-20817;-54460;9;392;32;360;42288
"Total domestic sectors";"Not consolidated";"Other changes";"2019";998568;4768;4664;104;3893;0;-225;4118;59;4059;43115;-673;43788;27382;8876;18506;605245;448448;159255;276356;12837;156797;-5369;162166;235075;1076;18675;215324;215055;269;269;0;0;77559;77578;-62222;139800;-19;1531;213;1318;883327;89;;89;6562;0;3518;3044;7;3037;67165;1701;65464;11643;7536;4107;531306;397062;272761;81242;43059;134244;-2192;136436;234327;1079;18546;214702;214433;269;269;0;0;31670;31689;-65097;96786;-19;565;269;296;115241
"Total domestic sectors";"Not consolidated";"Other changes";"2020";88204;3189;3444;-255;-17733;0;-5313;-12420;-150;-12270;17322;-114;17436;-68282;-24865;-43417;-56960;-80620;55482;-145724;9622;23660;-1020;24680;182058;641;713;180704;182145;-1441;-1441;0;0;30914;31000;-60621;91621;-86;-2304;0;-2304;-19570;-268;;-268;-20774;0;-11560;-9214;-8;-9206;8382;-4206;12588;-44059;-23288;-20771;-104919;-124107;31930;-175250;19213;19188;0;19188;181099;116;638;180345;181786;-1441;-1441;0;0;-37599;-37513;-61208;23695;-86;-1432;-193;-1239;107774
"Total domestic sectors";"Not consolidated";"Other changes";"2021";465909;2041;1515;526;16333;0;4903;11430;114;11316;-37557;326;-37883;145460;37662;107798;620982;395335;165760;202816;26759;225647;1176;224471;-117921;-396;-2212;-115313;-120297;4984;4984;0;0;-165636;-165649;-48869;-116780;13;2207;87;2120;628217;549;;549;20647;0;12089;8558;20;8538;-9128;4452;-13580;124737;33990;90747;700138;538248;171538;351344;15366;161890;0;161890;-117249;-400;-2176;-114673;-119657;4984;4984;0;0;-92373;-92386;-42872;-49514;13;896;-3;899;-162308
"Total domestic sectors";"Not consolidated";"Other changes";"2022";-1085902;2095;1902;193;10098;0;3338;6760;274;6486;-239054;122;-239176;38997;15217;23780;-211252;-103560;-99911;29875;-33524;-107692;786;-108478;-439215;-1268;-18095;-419852;-418580;-1272;-1272;0;0;-250608;-250599;-411605;161006;-9;3037;145;2892;-819904;190;;190;10499;0;6195;4304;-14;4318;-221467;1675;-223142;26907;13337;13570;-121898;-5176;-311132;267943;38013;-116722;-5;-116717;-437485;-1412;-17868;-418205;-416933;-1272;-1272;0;0;-78714;-78705;-405109;326404;-9;2064;-45;2109;-265998
"Total domestic sectors";"Not consolidated";"Other changes";"2023";-56802;2677;3186;-509;-7964;0;-2829;-5135;-163;-4972;41767;656;41111;-44880;3326;-48206;261758;220688;84974;123247;12467;41070;835;40235;116393;332;5246;110815;111702;-887;-887;0;0;-427985;-427978;-301998;-125980;-7;1432;-100;1532;20391;-482;;-482;-8319;0;-5363;-2956;-15;-2941;63073;705;62368;-38923;6475;-45398;342740;303060;211255;91597;208;39680;22;39658;116449;136;5246;111067;111954;-887;-887;0;0;-454581;-454574;-305170;-149404;-7;434;-610;1044;-77193
"Total domestic sectors";"Not consolidated";"Other changes";"2024";202188;13187;12667;520;9914;0;1538;8376;67;8309;-422;-510;88;31257;25108;6149;413197;301207;143429;140370;17408;111990;3896;108094;78782;177;4699;73906;75507;-1601;-1601;0;0;-344386;-344452;-304909;-39543;66;659;-18;677;117531;496;;496;17556;0;10906;6650;45;6605;34431;11281;23150;13100;4375;8725;309213;224997;33879;163986;27132;84216;20;84196;78855;74;4637;74144;75745;-1601;-1601;0;0;-337320;-337386;-304998;-32388;66;1200;-81;1281;84657
"Total domestic sectors";"Not consolidated";"Other changes";"2025*";-762071;21586;22803;-1217;-31706;0;-6612;-25094;-105;-24989;-48204;90;-48294;-63789;-28714;-35075;71668;72550;63515;-5597;14632;-882;-1405;523;-216105;-441;398;-216062;-216445;383;383;0;0;-497392;-497382;-470044;-27338;-10;1871;-89;1960;-519562;-1188;;-1188;-36024;0;-21255;-14769;-105;-14664;-45468;-5786;-39682;-36354;-11392;-24962;246841;236477;200979;29029;6469;10364;0;10364;-215418;-684;392;-215126;-215509;383;383;0;0;-432550;-432540;-467940;35400;-10;599;18;581;-242509
"Total domestic sectors";"Not consolidated";"Other changes";"2026 1st quarter*";-111199;6615;6390;225;3317;0;-62;3379;14;3365;-10836;-12;-10824;6455;2267;4188;-36986;-38885;-34221;-12078;7414;1899;921;978;20989;67;-823;21745;22480;-735;-735;0;0;-100929;-100948;-104983;4035;19;176;-7;183;-60776;217;;217;5126;0;2424;2702;14;2688;-16436;1562;-17998;1807;-1186;2993;35486;35471;-18855;43260;11066;15;-16;31;20954;50;-811;21715;22450;-735;-735;0;0;-108322;-108341;-104718;-3623;19;392;30;362;-50423
"Total domestic sectors";"Not consolidated";"Other changes";"2026 2nd quarter*";233045;-8903;-9018;115;1911;0;127;1784;10;1774;20129;275;19854;1805;4513;-2708;271625;201891;95278;111381;-4768;69734;-99;69833;47738;76;3662;44000;42966;1034;1034;0;0;-101372;-101391;-48746;-52645;19;112;8;104;473654;110;;110;2614;0;1417;1197;10;1187;35355;1469;33886;-623;554;-1177;482094;419954;422686;5416;-8148;62140;5;62135;47631;40;3609;43982;42948;1034;1034;0;0;-93789;-93808;-41873;-51935;19;262;13;249;-240609
"Total domestic sectors";"Not consolidated";"Price changes and revaluations";"2015";190064;128;-237;365;24953;0;6740;18213;7;18206;-12485;1162;-13647;89833;39327;50506;162800;128484;46482;79378;2624;34316;-3598;37914;64247;-1377;3960;61664;63340;-1676;-1676;0;0;-140655;-140620;-12660;-127960;-35;1243;162;1081;180493;389;;389;28697;0;13659;15038;7;15031;15593;4946;10647;67125;31002;36123;108415;91091;15780;60185;15126;17324;0;17324;64151;-1515;3931;61735;63411;-1676;-1676;0;0;-106189;-106154;-17815;-88339;-35;2312;172;2140;9571
"Total domestic sectors";"Not consolidated";"Price changes and revaluations";"2016";408482;2455;2449;6;-138;0;913;-1051;61;-1112;28135;358;27777;23660;20198;3462;228998;163432;54120;102111;7201;65566;-8954;74520;114034;1029;7689;105316;104813;503;503;0;0;11288;11270;-5962;17232;18;50;7;43;366015;9;;9;1391;0;798;593;11;582;13146;243;12903;17639;8466;9173;234330;182571;90047;45882;46642;51759;0;51759;113892;861;7689;105342;104839;503;503;0;0;-14059;-14077;-5999;-8078;18;-333;-27;-306;42467
"Total domestic sectors";"Not consolidated";"Price changes and revaluations";"2017";-233739;-751;-357;-394;-28000;0;-7625;-20375;-269;-20106;-38240;-2262;-35978;-114581;-55405;-59176;84539;47721;56401;-11819;3139;36818;-500;37318;-34837;-272;-1729;-32836;-36145;3309;3309;0;0;-99993;-99983;-16384;-83599;-10;-1876;-282;-1594;-184247;-421;;-421;-37140;0;-18265;-18875;-24;-18851;-63331;-7301;-56030;-80980;-42675;-38305;158751;129467;98896;63810;-33239;29284;0;29284;-34961;-744;-1707;-32510;-35819;3309;3309;0;0;-123259;-123249;-15920;-107329;-10;-2906;-277;-2629;-49492
"Total domestic sectors";"Not consolidated";"Price changes and revaluations";"2018";80994;882;764;118;7833;0;1348;6485;33;6452;-8190;562;-8752;37640;17318;20322;98151;114914;-59166;169508;4572;-16763;489;-17252;26610;212;-5179;31577;34129;-2552;-2552;0;0;-82264;-82273;-19410;-62863;9;332;93;239;39884;133;;133;10914;0;5166;5748;17;5731;-17833;2709;-20542;41518;21165;20353;53071;78927;-111591;106068;84450;-25856;0;-25856;26820;196;-5137;31761;34313;-2552;-2552;0;0;-75291;-75300;-20840;-54460;9;552;32;520;41110
"Total domestic sectors";"Not consolidated";"Price changes and revaluations";"2019";1022841;4768;4664;104;5162;0;1083;4079;59;4020;42958;-820;43778;28226;8971;19255;624266;467469;159255;295377;12837;156797;-3614;160411;238270;1076;18675;218519;218250;269;269;0;0;77559;77578;-62222;139800;-19;1632;213;1419;903484;89;;89;6562;0;3518;3044;7;3037;67165;1701;65464;15632;7965;7667;544191;410153;263900;103194;43059;134038;0;134038;237518;1079;18546;217893;217624;269;269;0;0;31670;31689;-65097;96786;-19;657;269;388;119357
"Total domestic sectors";"Not consolidated";"Price changes and revaluations";"2020";102420;3189;3444;-255;-19363;0;-5372;-13991;-150;-13841;17329;-106;17435;-71147;-28450;-42697;-73076;-96689;55482;-161793;9622;23613;-1020;24633;216497;680;713;215104;216545;-1441;-1441;0;0;31056;31142;-60479;91621;-86;-2065;0;-2065;-9842;-268;;-268;-20774;0;-11560;-9214;-8;-9206;-13292;-4206;-9086;-43124;-22899;-20225;-109109;-128297;31930;-184040;23813;19188;0;19188;215507;124;638;214745;216186;-1441;-1441;0;0;-37599;-37513;-61208;23695;-86;-1183;-193;-990;112262
"Total domestic sectors";"Not consolidated";"Price changes and revaluations";"2021";418696;2041;1515;526;16333;0;4903;11430;114;11316;-37530;347;-37877;46510;17118;29392;672884;447232;165789;273680;7763;225652;1181;224471;-117921;-396;-2212;-115313;-120297;4984;4984;0;0;-165636;-165649;-48869;-116780;13;2015;87;1928;578204;549;;549;20647;0;12089;8558;20;8538;-9138;4452;-13590;25729;13449;12280;749335;587445;317957;257053;12435;161890;0;161890;-117249;-400;-2176;-114673;-119657;4984;4984;0;0;-92373;-92386;-42872;-49514;13;704;-3;707;-159508
"Total domestic sectors";"Not consolidated";"Price changes and revaluations";"2022";-1104815;2095;1902;193;10098;0;3338;6760;274;6486;-238974;142;-239116;38611;15353;23258;-218389;-110536;-101463;24496;-33569;-107853;625;-108478;-450715;-1268;-18095;-431352;-430080;-1272;-1272;0;0;-250608;-250599;-411605;161006;-9;3067;146;2921;-837931;190;;190;10499;0;6195;4304;-14;4318;-221461;1675;-223136;26505;13473;13032;-128062;-11340;-311200;261847;38013;-116722;-5;-116717;-448985;-1412;-17868;-429705;-428433;-1272;-1272;0;0;-78714;-78705;-405109;326404;-9;2097;-41;2138;-266884
"Total domestic sectors";"Not consolidated";"Price changes and revaluations";"2023";-54324;2677;3186;-509;-7634;0;-2709;-4925;-163;-4762;42074;728;41346;-19390;-11547;-7843;239953;197576;84831;100310;12435;42377;237;42140;116393;332;5246;110815;111702;-887;-887;0;0;-427959;-427952;-301998;-125954;-7;-438;-90;-348;8202;-482;;-482;-8319;0;-5363;-2956;-15;-2941;63073;705;62368;-15915;-7255;-8660;309316;269636;211255;58173;208;39680;22;39658;116449;136;5246;111067;111954;-887;-887;0;0;-454581;-454574;-305170;-149404;-7;-1339;-542;-797;-62526
"Total domestic sectors";"Not consolidated";"Price changes and revaluations";"2024";220660;13187;12667;520;11753;0;3466;8287;67;8220;155;1758;-1603;28802;15698;13104;431939;319632;168822;137480;13330;112307;3882;108425;78782;177;4699;73906;75507;-1601;-1601;0;0;-344386;-344452;-304909;-39543;66;428;-18;446;141553;496;;496;17556;0;10906;6650;45;6605;45251;11281;33970;13125;4473;8652;322629;238413;29726;181555;27132;84216;20;84196;78855;74;4637;74144;75745;-1601;-1601;0;0;-337320;-337386;-304998;-32388;66;961;-91;1052;79107
"Total domestic sectors";"Not consolidated";"Price changes and revaluations";"2025*";-765700;21586;22803;-1217;-24400;0;-6612;-17788;-105;-17683;-48026;127;-48153;-70931;-35884;-35047;69788;70501;63705;-7574;14370;-713;-1363;650;-216105;-441;398;-216062;-216445;383;383;0;0;-497392;-497382;-470044;-27338;-10;-220;-89;-131;-522154;-1188;;-1188;-36024;0;-21255;-14769;-105;-14664;-45467;-5786;-39681;-36227;-11312;-24915;246212;235848;200943;28436;6469;10364;0;10364;-215418;-684;392;-215126;-215509;383;383;0;0;-432550;-432540;-467940;35400;-10;-1492;18;-1510;-243546
"Total domestic sectors";"Not consolidated";"Price changes and revaluations";"2026 1st quarter*";-106994;6615;6390;225;4447;0;1068;3379;14;3365;-10798;-12;-10786;9271;5026;4245;-36765;-38742;-34197;-11944;7399;1977;922;1055;20989;67;-823;21745;22480;-735;-735;0;0;-100929;-100948;-104983;4035;19;176;-7;183;-56707;217;;217;6256;0;3554;2702;14;2688;-16436;1562;-17998;4610;1573;3037;35622;35607;-18853;43394;11066;15;-16;31;20954;50;-811;21715;22450;-735;-735;0;0;-108322;-108341;-104718;-3623;19;392;30;362;-50287
"Total domestic sectors";"Not consolidated";"Price changes and revaluations";"2026 2nd quarter*";222322;-8903;-9018;115;2128;0;344;1784;10;1774;20108;275;19833;6362;3049;3313;256149;186357;95203;95913;-4759;69792;-103;69895;47738;76;3662;44000;42966;1034;1034;0;0;-101372;-101391;-48746;-52645;19;112;8;104;462894;110;;110;2831;0;1634;1197;10;1187;35355;1469;33886;3927;779;3148;466567;404427;422686;-10111;-8148;62140;5;62135;47631;40;3609;43982;42948;1034;1034;0;0;-93789;-93808;-41873;-51935;19;262;13;249;-240572
"Total domestic sectors";"Not consolidated";"Other volume changes";"2015";4829;0;0;0;-12;0;0;-12;0;-12;276;-96;372;-1996;-439;-1557;6694;6694;0;6769;-75;0;0;0;-47;0;642;-689;2150;-2839;-2839;0;0;0;0;0;0;0;-86;-6;-80;3175;0;;0;0;0;0;0;0;0;733;-44;777;-2462;-896;-1566;4948;8989;0;8989;0;-4041;0;-4041;-47;2738;-2096;-689;2150;-2839;-2839;0;0;0;0;0;0;0;3;-6;9;1654
"Total domestic sectors";"Not consolidated";"Other volume changes";"2016";40638;0;0;0;843;0;-42288;43131;-751;43882;-444;-257;-187;35773;-117;35890;-84;-84;0;30;-114;0;0;0;4394;0;0;4394;4394;0;0;0;0;0;0;0;0;0;156;-1;157;41805;0;;0;863;0;-42577;43440;-751;44191;-475;-5;-470;36915;-117;37032;32;32;0;32;0;0;0;0;4394;0;0;4394;4394;0;0;0;0;0;0;0;0;0;76;-1;77;-1167
"Total domestic sectors";"Not consolidated";"Other volume changes";"2017";-22746;0;0;0;0;0;0;0;0;0;173;23;150;-22978;-2435;-20543;-1980;-1980;0;-1980;0;0;0;0;1844;0;0;1844;1844;0;0;0;0;0;0;0;0;0;195;-4;199;-24335;0;;0;0;0;0;0;0;0;-21890;0;-21890;-2358;-5492;3134;-1224;-1224;0;-1224;0;0;0;0;1032;0;0;1032;1032;0;0;0;0;0;0;0;0;0;105;-4;109;1589
"Total domestic sectors";"Not consolidated";"Other volume changes";"2018";-9195;0;0;0;-239;0;124;-363;0;-363;1120;-123;1243;-4522;-3515;-1007;1024;2974;455;2529;-10;-1950;7;-1957;-5949;0;0;-5949;-5949;0;0;0;0;104;104;11;93;0;-733;0;-733;-10373;0;;0;7;0;0;7;0;7;104;0;104;-5393;-2809;-2584;1007;1083;0;1083;0;-76;0;-76;-5961;0;0;-5961;-5961;0;0;0;0;23;23;23;0;0;-160;0;-160;1178
"Total domestic sectors";"Not consolidated";"Other volume changes";"2019";-24273;0;0;0;-1269;0;-1308;39;0;39;157;147;10;-844;-95;-749;-19021;-19021;0;-19021;0;0;-1755;1755;-3195;0;0;-3195;-3195;0;0;0;0;0;0;0;0;0;-101;0;-101;-20157;0;;0;0;0;0;0;0;0;0;0;0;-3989;-429;-3560;-12885;-13091;8861;-21952;0;206;-2192;2398;-3191;0;0;-3191;-3191;0;0;0;0;0;0;0;0;0;-92;0;-92;-4116
"Total domestic sectors";"Not consolidated";"Other volume changes";"2020";-14216;0;0;0;1630;0;59;1571;0;1571;-7;-8;1;2865;3585;-720;16116;16069;0;16069;0;47;0;47;-34439;-39;0;-34400;-34400;0;0;0;0;-142;-142;-142;0;0;-239;0;-239;-9728;0;;0;0;0;0;0;0;0;21674;0;21674;-935;-389;-546;4190;4190;0;8790;-4600;0;0;0;-34408;-8;0;-34400;-34400;0;0;0;0;0;0;0;0;0;-249;0;-249;-4488
"Total domestic sectors";"Not consolidated";"Other volume changes";"2021";47213;0;0;0;0;0;0;0;0;0;-27;-21;-6;98950;20544;78406;-51902;-51897;-29;-70864;18996;-5;-5;0;0;0;0;0;0;0;0;0;0;0;0;0;0;0;192;0;192;50013;0;;0;0;0;0;0;0;0;10;0;10;99008;20541;78467;-49197;-49197;-146419;94291;2931;0;0;0;0;0;0;0;0;0;0;0;0;0;0;0;0;0;192;0;192;-2800
"Total domestic sectors";"Not consolidated";"Other volume changes";"2022";18913;0;0;0;0;0;0;0;0;0;-80;-20;-60;386;-136;522;7137;6976;1552;5379;45;161;161;0;11500;0;0;11500;11500;0;0;0;0;0;0;0;0;0;-30;-1;-29;18027;0;;0;0;0;0;0;0;0;-6;0;-6;402;-136;538;6164;6164;68;6096;0;0;0;0;11500;0;0;11500;11500;0;0;0;0;0;0;0;0;0;-33;-4;-29;886
"Total domestic sectors";"Not consolidated";"Other volume changes";"2023";-2478;0;0;0;-330;0;-120;-210;0;-210;-307;-72;-235;-25490;14873;-40363;21805;23112;143;22937;32;-1307;598;-1905;0;0;0;0;0;0;0;0;0;-26;-26;0;-26;0;1870;-10;1880;12189;0;;0;0;0;0;0;0;0;0;0;0;-23008;13730;-36738;33424;33424;0;33424;0;0;0;0;0;0;0;0;0;0;0;0;0;0;0;0;0;0;1773;-68;1841;-14667
"Total domestic sectors";"Not consolidated";"Other volume changes";"2024";-18472;0;0;0;-1839;0;-1928;89;0;89;-577;-2268;1691;2455;9410;-6955;-18742;-18425;-25393;2890;4078;-317;14;-331;0;0;0;0;0;0;0;0;0;0;0;0;0;0;231;0;231;-24022;0;;0;0;0;0;0;0;0;-10820;0;-10820;-25;-98;73;-13416;-13416;4153;-17569;0;0;0;0;0;0;0;0;0;0;0;0;0;0;0;0;0;0;239;10;229;5550
"Total domestic sectors";"Not consolidated";"Other volume changes";"2025*";3629;0;0;0;-7306;0;0;-7306;0;-7306;-178;-37;-141;7142;7170;-28;1880;2049;-190;1977;262;-169;-42;-127;0;0;0;0;0;0;0;0;0;0;0;0;0;0;2091;0;2091;2592;0;;0;0;0;0;0;0;0;-1;0;-1;-127;-80;-47;629;629;36;593;0;0;0;0;0;0;0;0;0;0;0;0;0;0;0;0;0;0;2091;0;2091;1037
"Total domestic sectors";"Not consolidated";"Other volume changes";"2026 1st quarter*";-4205;0;0;0;-1130;0;-1130;0;0;0;-38;0;-38;-2816;-2759;-57;-221;-143;-24;-134;15;-78;-1;-77;0;0;0;0;0;0;0;0;0;0;0;0;0;0;0;0;0;-4069;0;;0;-1130;0;-1130;0;0;0;0;0;0;-2803;-2759;-44;-136;-136;-2;-134;0;0;0;0;0;0;0;0;0;0;0;0;0;0;0;0;0;0;0;0;0;-136
"Total domestic sectors";"Not consolidated";"Other volume changes";"2026 2nd quarter*";10723;0;0;0;-217;0;-217;0;0;0;21;0;21;-4557;1464;-6021;15476;15534;75;15468;-9;-58;4;-62;0;0;0;0;0;0;0;0;0;0;0;0;0;0;0;0;0;10760;0;;0;-217;0;-217;0;0;0;0;0;0;-4550;-225;-4325;15527;15527;0;15527;0;0;0;0;0;0;0;0;0;0;0;0;0;0;0;0;0;0;0;0;0;-37
"Total domestic sectors";"Not consolidated";"Closing balance sheet";"2015";16216753;25215;19213;6002;1495762;16758;565874;913130;341177;571953;1266850;37455;1229395;4563208;1550779;3012429;6343088;5344516;593885;4639073;111558;998572;50375;948197;1533194;47171;143259;1342680;1332230;10450;7704;2746;84;511447;510977;59526;451451;470;477989;176191;301798;16024705;6158;;6158;1628950;57244;740083;831623;333314;498309;1878247;101816;1776431;4077513;1383275;2694238;5889798;5130165;839156;3870700;420309;759633;9910;749723;1529288;42302;143259;1343643;1333193;10450;7704;2746;84;488985;488515;56233;432282;470;525766;157960;367806;192048
"Total domestic sectors";"Not consolidated";"Closing balance sheet";"2016";17412074;27383;21662;5721;1601477;15384;581904;1004189;347183;657006;1334250;46874;1287376;4743032;1550169;3192863;7012464;5916686;685602;5095799;135285;1095778;48696;1047082;1667012;42097;143867;1480961;1468191;12770;8789;3981;87;526541;526038;68067;457971;503;499915;185543;314372;17127647;6172;;6172;1760581;59483;795234;905864;339431;566433;1947387;112804;1834583;4188811;1361649;2827162;6533168;5696926;983148;4272913;440865;836242;7580;828662;1663709;40621;142467;1480534;1467764;12770;8789;3981;87;490669;490166;65962;424204;503;537150;168892;368258;284427
"Total domestic sectors";"Not consolidated";"Closing balance sheet";"2017";17622943;26626;21305;5321;1667703;14633;614679;1038391;350494;687897;1327998;50723;1277275;4770373;1541494;3228879;7260435;6098145;737221;5219606;141318;1162290;54166;1108124;1649727;38234;134538;1476863;1461001;15862;12389;3473;92;421290;420812;68858;351954;478;498791;191206;307585;17325774;5756;;5756;1764977;61827;814439;888711;343355;545356;1832514;109672;1722842;4335187;1468569;2866618;6804911;5909761;1092729;4474897;342135;895150;6427;888723;1642390;36166;133158;1472974;1457112;15862;12389;3473;92;383630;383152;66277;316875;478;556409;176023;380386;297169
"Total domestic sectors";"Not consolidated";"Closing balance sheet";"2018";17406207;27777;22069;5708;1656963;14384;605055;1037524;356578;680946;1344479;47160;1297319;4791582;1461294;3330288;7035300;5896054;667437;5069334;159283;1139246;60502;1078744;1686986;36920;122301;1527674;1513120;14554;9973;4581;91;386519;386040;86077;299963;479;476601;194721;281880;17008470;5895;;5895;1755655;64985;818607;872063;351410;520653;1858630;116225;1742405;4309756;1426741;2883015;6555699;5688733;921949;4431426;335358;866966;6022;860944;1681222;36654;120961;1523516;1508962;14554;9973;4581;91;339177;338698;76283;262415;479;502436;181122;321314;397737
"Total domestic sectors";"Not consolidated";"Closing balance sheet";"2019";18527717;32828;26733;6095;1657734;14918;600945;1041871;369337;672534;1409590;49979;1359611;4757508;1495091;3262417;7714417;6431372;841698;5414122;175552;1283045;60334;1222711;1946854;38690;134580;1773486;1757412;16074;10432;5642;98;521332;520858;86130;434728;474;487454;192059;295395;17962483;5989;;5989;1727018;70029;782182;874807;363403;511404;1934566;108518;1826048;4214357;1409649;2804708;7206662;6217655;1268167;4610536;338952;989007;5705;983302;1940264;38740;133080;1768346;1752272;16074;10432;5642;98;439843;439369;80168;359201;474;493784;180626;313158;565234
"Total domestic sectors";"Not consolidated";"Closing balance sheet";"2020";19020745;35986;30177;5809;1984288;16582;808362;1159344;393556;765788;1454733;83728;1371005;4659618;1400243;3259375;7622980;6270267;928074;5149266;192927;1352713;79755;1272958;2152547;40731;130440;1981284;1969701;11583;9471;2112;92;611982;611593;107031;504562;389;498611;181898;316713;18300806;5726;;5726;2023966;77846;1000597;945523;386801;558722;1987737;101231;1886506;4094115;1332140;2761975;7051717;6015737;1240676;4440168;334893;1035980;6187;1029793;2145139;40896;128863;1975288;1963705;11583;9471;2112;92;482465;482076;99180;382896;389;509941;176551;333390;719939
"Total domestic sectors";"Not consolidated";"Closing balance sheet";"2021";19833880;48619;31692;16927;2147265;19554;927672;1200039;408671;791368;1520749;82110;1438639;4924169;1428712;3495457;8078848;6654521;1074904;5358514;221103;1424327;73163;1351164;2052545;40465;122077;1889907;1872316;17591;14595;2996;96;507075;506625;110125;396500;450;554610;215598;339012;19189746;16353;;16353;2228247;83785;1119186;1025276;400405;624871;2037617;90198;1947419;4213941;1289583;2924358;7654487;6593077;1525976;4706528;360573;1061410;3054;1058356;2045217;40487;120536;1884098;1866507;17591;14595;2996;96;440572;440122;106740;333382;450;553312;198376;354936;644134
"Total domestic sectors";"Not consolidated";"Closing balance sheet";"2022";19338874;50815;33594;17221;2304563;22185;968536;1313842;432336;881506;1247150;67922;1179228;5115113;1577298;3537815;7633739;6488628;927434;5354575;206619;1145111;73931;1071180;1637079;39386;99912;1497665;1484208;13457;13457;0;116;740035;739518;138969;600549;517;610380;239306;371074;18786193;16620;;16620;2248972;85303;1172109;991560;422493;569067;1867405;128390;1739015;4296136;1328551;2967585;7324519;6543268;1191667;5024265;327336;781251;1559;779692;1631258;39377;98598;1493167;1479710;13457;13457;0;116;794281;793764;133978;659786;517;607002;219230;387772;552681
"Total domestic sectors";"Not consolidated";"Closing balance sheet";"2023";19249801;54099;36780;17319;2177972;25194;811309;1341469;464616;876853;1316513;72057;1244456;5083671;1599812;3483859;7599069;6394906;965516;5204527;224863;1204163;102412;1101751;1778549;41751;101055;1635592;1622872;12720;12720;0;151;615544;614956;150967;463989;588;624384;239007;385377;18683870;16177;;16177;2120990;84373;1000671;1035946;449919;586027;1924240;126039;1798201;4214100;1294614;2919486;7358053;6544857;1347384;4846763;350710;813196;1055;812141;1772668;41811;99741;1630965;1618245;12720;12720;0;151;658877;658289;147907;510382;588;618765;215068;403697;565931
"Total domestic sectors";"Not consolidated";"Closing balance sheet";"2024";19961008;66711;49447;17264;2254507;30528;833197;1390782;496890;893892;1404237;77187;1327050;5182463;1606703;3575760;7932343;6663911;1099194;5310962;253755;1268432;79841;1188591;1885387;42552;101169;1741475;1729905;11570;11570;0;191;599693;599036;158753;440283;657;635667;245310;390357;19235682;16668;;16668;2184940;86890;1017284;1080766;478461;602305;1977245;139469;1837776;4248431;1261394;2987037;7666280;6777916;1362277;5055300;360339;888364;1680;886684;1879091;42254;99793;1736853;1725283;11570;11570;0;191;632955;632298;154304;477994;657;630072;224146;405926;725326
"Total domestic sectors";"Not consolidated";"Closing balance sheet";"2025*";20071265;88421;72250;16171;2385896;37064;822233;1526599;536078;990521;1383013;71016;1311997;5289006;1644480;3644526;7952676;6736814;1113821;5343592;279401;1215862;80292;1135570;1700659;43423;97171;1559854;1547692;12162;12162;0;211;614723;614075;192640;421435;648;656871;247400;409471;19512675;15473;;15473;2272192;88604;972178;1211410;513139;698271;2017659;134747;1882912;4322360;1301284;3021076;7834938;6983602;1550657;5061538;371407;851336;2912;848424;1694700;42929;95789;1555771;1543609;12162;12162;0;211;694640;693992;180598;513394;648;660713;228100;432613;558590
"Total domestic sectors";"Not consolidated";"Closing balance sheet";"2026 1st quarter*";20510512;94996;78640;16356;2482062;38224;861297;1582541;544604;1037937;1437266;92636;1344630;5336331;1686355;3649976;7947181;6721896;1061703;5371633;288560;1225285;90041;1135244;1845762;45362;95518;1704666;1693195;11471;11471;0;216;657146;656481;232942;423539;665;709768;251107;458661;19976342;15683;;15683;2368249;87232;1034497;1246520;520943;725577;2040218;165320;1874898;4362587;1324575;3038012;7922838;7069839;1555718;5133415;380706;852999;3171;849828;1839826;44981;94148;1700481;1689010;11471;11471;0;216;723839;723174;213403;509771;665;703102;228338;474764;534170
"Total domestic sectors";"Not consolidated";"Closing balance sheet";"2026 2nd quarter*";20823669;86210;69622;16588;2499783;40264;845061;1614458;557664;1056794;1462303;107820;1354483;5361122;1735764;3625358;8187598;6903751;1127392;5484959;291400;1283847;89434;1194413;1905353;45336;97872;1761924;1749375;12549;12549;0;221;620967;620285;245912;374373;682;700333;258810;441523;20522202;15796;;15796;2379753;88086;1013859;1277808;533895;743913;2091157;175186;1915971;4334335;1324225;3010110;8403652;7491340;1976921;5138855;375564;912312;3164;909148;1899226;44937;96449;1757619;1745070;12549;12549;0;221;684761;684079;226243;457836;682;713522;234915;478607;301467
"The non-financial corporations sector";"Not consolidated";"Opening balance sheet";"2015";2599176;;;;219646;4446;160431;54769;;54769;14030;3492;10538;890071;391943;498128;1253416;1246900;31700;1205216;9984;6516;5135;1381;28169;17173;;10996;0;10996;10996;0;0;5364;5364;792;4572;;188480;150607;37873;3653437;;;;;;;;;;76017;5482;70535;1455946;535417;920529;1907178;1907178;337646;1498654;70878;;;;0;;;0;0;0;0;0;;13921;13556;499;13057;365;200375;129742;70633;-1054261
"The non-financial corporations sector";"Not consolidated";"Opening balance sheet";"2016";2846164;;;;228851;4002;161453;63396;;63396;12311;2182;10129;988622;416371;572251;1389958;1383342;44739;1328032;10571;6616;5131;1485;24216;16974;;7242;0;7242;7242;0;0;7228;7228;589;6639;;194978;155674;39304;3945437;;;;;;;;;;81042;6054;74988;1507804;536410;971394;2141029;2141029;399619;1662514;78896;;;;0;;;0;0;0;0;0;;14115;13756;492;13264;359;201447;133409;68038;-1099273
"The non-financial corporations sector";"Not consolidated";"Opening balance sheet";"2017";3095971;;;;242493;3733;133608;105152;;105152;9197;1195;8002;1083067;429577;653490;1518188;1512733;44827;1453413;14493;5455;2717;2738;27662;19335;;8327;0;8327;8327;0;0;6570;6570;521;6049;;208794;165634;43160;4215228;;;;;;;;;;115515;5677;109838;1550318;520083;1030235;2323114;2323114;417735;1817672;87707;;;;0;;;0;0;0;0;0;;12657;12248;570;11678;409;213624;144681;68943;-1119257
"The non-financial corporations sector";"Not consolidated";"Opening balance sheet";"2018";3198502;;;;254336;3486;144294;106556;;106556;8012;1861;6151;1166395;468002;698393;1519241;1514007;49184;1446010;18813;5234;1703;3531;31413;19424;;11989;0;11989;11989;0;0;4386;4386;313;4073;;214719;170877;43842;4351719;;;;;;;;;;123245;6268;116977;1597975;530402;1067573;2406023;2406023;477362;1831989;96672;;;;0;;;0;0;0;0;0;;7664;7274;331;6943;390;216812;151525;65287;-1153217
"The non-financial corporations sector";"Not consolidated";"Opening balance sheet";"2019";3293461;;;;261353;3354;152373;105626;;105626;9006;2724;6282;1180639;461478;719161;1588282;1577445;38561;1515912;22972;10837;6172;4665;29080;19507;;9573;0;9573;9573;0;0;7592;7592;3710;3882;;217509;173998;43511;4379176;;;;;;;;;;130075;3854;126221;1618298;547800;1070498;2402307;2402307;408368;1886732;107207;;;;0;;;0;0;0;0;0;;7124;6716;569;6147;408;221372;156690;64682;-1085715
"The non-financial corporations sector";"Not consolidated";"Opening balance sheet";"2020";3382103;;;;263120;3545;165219;94356;;94356;6134;1170;4964;1207003;451901;755102;1657335;1647257;48017;1572215;27025;10078;4542;5536;31070;21038;;10032;0;10032;10032;0;0;5180;5180;1392;3788;;212261;170303;41958;4590810;;;;;;;;;;135783;4236;131547;1610681;522721;1087960;2614983;2614983;531831;1963279;119873;;;;0;;;0;0;0;0;0;;7753;7333;475;6858;420;221610;155779;65831;-1208707
"The non-financial corporations sector";"Not consolidated";"Opening balance sheet";"2021";3397913;;;;325822;4084;233739;87999;;87999;6608;1111;5497;1210435;432457;777978;1609700;1596240;45419;1519759;31062;13460;7612;5848;31295;22224;;9071;0;9071;9071;0;0;5466;5466;601;4865;;208587;162860;45727;4608804;;;;;;;;;;151612;5288;146324;1605050;499439;1105611;2613503;2613503;535481;1944380;133642;;;;0;;;0;0;0;0;0;;8727;8381;517;7864;346;229912;152111;77801;-1210891
"The non-financial corporations sector";"Not consolidated";"Opening balance sheet";"2022";3897520;;;;381394;4942;283532;92920;;92920;6271;1469;4802;1304919;468693;836226;1914025;1897915;44959;1820936;32020;16110;5506;10604;36868;22673;;14195;0;14195;14195;0;0;9251;9251;564;8687;;244792;194513;50279;5330653;;;;;;;;;;157878;2414;155464;1736049;581598;1154451;3169701;3169701;784782;2231232;153687;;;;0;;;0;0;0;0;0;;8657;8251;515;7736;406;258368;171203;87165;-1433133
"The non-financial corporations sector";"Not consolidated";"Opening balance sheet";"2023";4151387;;;;392539;5579;279343;107617;;107617;7153;2128;5025;1392843;543904;848939;2045378;2028567;35983;1958459;34125;16811;5896;10915;35744;22687;;13057;0;13057;13057;0;0;12615;12615;3405;9210;;265115;215464;49651;5403089;;;;;;;;;;163663;6687;156976;1822381;645844;1176537;3124926;3124926;564153;2399625;161148;;;;0;;;0;0;0;0;0;;10565;10100;390;9710;465;281554;189643;91911;-1251702
"The non-financial corporations sector";"Not consolidated";"Opening balance sheet";"2024";3980193;;;;380521;6402;216059;158060;;158060;7706;2091;5615;1426951;605465;821486;1853249;1833884;36295;1762165;35424;19365;6032;13333;35739;23419;;12320;0;12320;12320;0;0;6667;6667;2034;4633;;269360;213996;55364;5396130;;;;;;;;;;180357;7058;173299;1797976;675252;1122724;3140830;3140830;672258;2296033;172539;;;;0;;;0;0;0;0;0;;6438;5896;284;5612;542;270529;184531;85998;-1415937
"The non-financial corporations sector";"Not consolidated";"Opening balance sheet";"2025*";4079190;;;;399535;7696;226284;165555;;165555;9018;3139;5879;1414333;580310;834023;1939250;1915516;25902;1852489;37125;23734;8388;15346;35674;24504;;11170;0;11170;11170;0;0;7783;7783;1857;5926;;273597;219254;54343;5519037;;;;;;;;;;187301;3670;183631;1797419;659286;1138133;3256872;3256872;652627;2434827;169418;;;;0;;;0;0;0;0;0;;6039;5429;289;5140;610;271406;192421;78985;-1439847
"The non-financial corporations sector";"Not consolidated";"Opening balance sheet";"2026 1st quarter*";4052975;;;;402667;9395;226224;167048;;167048;7523;2700;4823;1401909;583852;818057;1922773;1897638;28106;1830400;39132;25135;7713;17422;37444;25682;;11762;0;11762;11762;0;0;8361;8361;1826;6535;;272298;220462;51836;5640682;;;;;;;;;;184741;2750;181991;1798575;670236;1128339;3378225;3378225;738025;2470466;169734;;;;0;;;0;0;0;0;0;;7019;6426;261;6165;593;272122;194836;77286;-1587707
"The non-financial corporations sector";"Not consolidated";"Opening balance sheet";"2026 2nd quarter*";4091196;;;;399255;9771;217636;171848;;171848;9955;4662;5293;1399086;576598;822488;1953820;1929133;26464;1862204;40465;24687;6605;18082;37788;26717;;11071;0;11071;11071;0;0;9652;9652;1879;7773;;281640;224205;57435;5750812;;;;;;;;;;186524;3547;182977;1816358;681066;1135292;3475014;3475014;808264;2492203;174547;;;;0;;;0;0;0;0;0;;6160;5550;266;5284;610;266756;194640;72116;-1659616
"The non-financial corporations sector";"Not consolidated";"Financial transactions";"2015";195567;;;;6261;-445;-1451;8157;;8157;-1781;-1324;-457;61635;9864;51771;120979;116243;4853;110788;602;4736;4275;461;1169;828;;341;0;341;341;0;0;1281;1281;-3;1284;;6023;4904;1119;202636;;;;;;;;;;1958;191;1767;12174;-14285;26459;188024;188024;11036;170687;6301;;;;11;;;11;0;11;11;0;;16;20;20;;-4;453;3499;-3046;-7069
"The non-financial corporations sector";"Not consolidated";"Financial transactions";"2016";246397;;;;12510;-269;12755;24;;24;-873;-830;-43;85970;7463;78507;132711;124644;2419;118140;4085;8067;6690;1377;2824;2361;;463;0;463;463;0;0;-589;-589;81;-670;;13844;9954;3890;230557;;;;;;;;;;38391;-780;39171;33670;-22109;55779;145987;145987;2644;136513;6830;;;;119;;;119;0;119;119;0;;25;2;2;;23;12365;11299;1066;15840
"The non-financial corporations sector";"Not consolidated";"Financial transactions";"2017";183561;;;;17064;-247;14813;2498;;2498;-981;688;-1669;119173;57861;61312;39821;40412;-2072;38372;4112;-591;-1187;596;385;101;;284;0;284;284;0;0;1715;1715;156;1559;;6384;5529;855;148574;;;;;;;;;;14511;1132;13379;92161;31613;60548;38025;38025;-5532;37019;6538;;;;6;;;6;0;6;6;0;;58;72;72;;-14;3813;7121;-3308;34987
"The non-financial corporations sector";"Not consolidated";"Financial transactions";"2018";47590;;;;5883;-132;7363;-1348;;-1348;1080;858;222;2947;-9849;12796;32192;27088;-6816;29825;4079;5104;4199;905;206;83;;123;0;123;123;0;0;2713;2713;2178;535;;2569;3028;-459;27375;;;;;;;;;;12721;-2574;15295;5773;14527;-8754;4104;4104;-42109;38091;8122;;;;13;;;13;0;13;13;0;;59;62;62;;-3;4705;5133;-428;20215
"The non-financial corporations sector";"Not consolidated";"Financial transactions";"2019";62301;;;;1040;191;12354;-11505;;-11505;-2929;-1617;-1312;23767;-11522;35289;48318;48777;223;44501;4053;-459;-1284;825;1642;1531;;111;0;111;111;0;0;-4099;-4099;-3582;-517;;-5438;-3908;-1530;45829;;;;;;;;;;5478;382;5096;-12103;-27362;15259;52380;52380;-16569;58922;10027;;;;79;;;79;0;79;79;0;;15;-10;-10;;25;-20;-1180;1160;16472
"The non-financial corporations sector";"Not consolidated";"Financial transactions";"2020";84284;;;;28805;539;34607;-6341;;-6341;879;-56;935;16688;-15918;32606;41878;38926;-2131;37020;4037;2952;3060;-108;1642;1186;;456;0;456;456;0;0;-2031;-2031;-833;-1198;;-3577;-7443;3866;51627;;;;;;;;;;14934;1056;13878;-8085;-18867;10782;36232;36232;-77970;106235;7967;;;;24;;;24;0;24;24;0;;5;-4;-4;;9;8517;-3475;11992;32657
"The non-financial corporations sector";"Not consolidated";"Financial transactions";"2021";196401;;;;51291;858;46335;4098;;4098;616;391;225;20357;15125;5232;85978;83942;-2766;90805;-4097;2036;-2194;4230;566;449;;117;0;117;117;0;0;2086;2086;-7;2093;;35507;31566;3941;152938;;;;;;;;;;7544;-2784;10328;42286;48253;-5967;74867;74867;35628;26516;12723;;;;23;;;23;0;23;23;0;;44;0;0;;44;28174;19095;9079;43463
"The non-financial corporations sector";"Not consolidated";"Financial transactions";"2022";165761;;;;9149;637;-5342;13854;;13854;1328;694;634;74855;74615;240;59938;59256;-1095;59056;1295;682;67;615;69;15;;54;0;54;54;0;0;282;282;2683;-2401;;20140;20807;-667;51646;;;;;;;;;;20217;4287;15930;74738;60008;14730;-66753;-66753;-24811;26987;-68929;;;;80;;;80;0;80;80;0;;142;68;68;;74;23222;18475;4747;114115
"The non-financial corporations sector";"Not consolidated";"Financial transactions";"2023";36351;;;;-9918;823;-61824;51083;;51083;568;-53;621;48606;53470;-4864;-8479;-10329;391;-10743;23;1850;132;1718;781;732;;49;0;49;49;0;0;416;416;-866;1282;;4377;-1371;5748;3068;;;;;;;;;;8978;342;8636;31599;30816;783;-26991;-26991;-21917;-14148;9074;;;;101;;;101;0;101;101;0;;-185;-258;-258;;73;-10434;-4506;-5928;33283
"The non-financial corporations sector";"Not consolidated";"Financial transactions";"2024";57306;;;;17750;1294;8665;7791;;7791;1096;803;293;-16744;-26616;9872;48132;45372;-3480;47150;1702;2760;1990;770;1091;1085;;6;0;6;6;0;0;1825;1825;-35;1860;;4156;5274;-1118;21320;;;;;;;;;;-2248;-5384;3136;-6102;-18640;12538;28340;28340;-7266;40277;-4671;;;;445;;;445;0;445;445;0;;-17;-15;-15;;-2;902;7993;-7091;35986
"The non-financial corporations sector";"Not consolidated";"Financial transactions";"2025*";53123;;;;7927;1699;3213;3015;;3015;-1093;-573;-520;-1664;7251;-8915;48109;46274;-3644;48365;1553;1835;535;1300;1195;1178;;17;0;17;17;0;0;-202;-202;25;-227;;-1149;1293;-2442;17996;;;;;;;;;;2826;-973;3799;12648;15548;-2900;1624;1624;-9544;8968;2200;;;;192;;;192;0;192;192;0;;9;12;12;;-3;697;2393;-1696;35127
"The non-financial corporations sector";"Not consolidated";"Financial transactions";"2026 1st quarter*";33958;;;;-3972;376;-9045;4697;;4697;2285;1884;401;-3115;-7315;4200;28051;28790;-66;28165;691;-739;-1257;518;1039;1035;;4;0;4;4;0;0;330;330;33;297;;9340;3750;5590;20810;;;;;;;;;;4324;784;3540;16907;10193;6714;4914;4914;-50;4243;721;;;;40;;;40;0;40;40;0;;19;21;21;;-2;-5394;-223;-5171;13148
"The non-financial corporations sector";"Not consolidated";"Financial transactions";"2026 2nd quarter*";34929;;;;15660;586;15672;-598;;-598;-432;-161;-271;65;10274;-10209;11932;11570;160;10952;458;362;-468;830;689;685;;4;0;4;4;0;0;-312;-312;9;-321;;7327;6806;521;40634;;;;;;;;;;4439;1644;2795;13845;18613;-4768;15883;15883;837;12471;2575;;;;40;;;40;0;40;40;0;;9;11;11;;-2;6418;5909;509;-5705
"The non-financial corporations sector";"Not consolidated";"Other changes";"2015";51421;;;;2944;1;2473;470;;470;62;14;48;36916;14564;22352;15563;20199;8186;12028;-15;-4636;-4279;-357;-5122;-1027;;-4095;0;-4095;-4095;0;0;583;583;-200;783;;475;163;312;89364;;;;;;;;;;3067;381;2686;39684;15278;24406;45827;45827;50937;-6827;1717;;;;-11;;;-11;0;-11;-11;0;;178;180;-27;207;-2;619;168;451;-37943
"The non-financial corporations sector";"Not consolidated";"Other changes";"2016";3410;;;;1132;0;-40600;41732;;41732;-2241;-157;-2084;8475;5743;2732;-4481;4747;-2331;7241;-163;-9228;-9104;-124;622;0;;622;0;622;622;0;0;-69;-69;-149;80;;-28;6;-34;39234;;;;;;;;;;-3918;403;-4321;8844;5782;3062;36098;36098;15472;18645;1981;;;;-119;;;-119;0;-119;-119;0;;-1483;-1510;76;-1586;27;-188;-27;-161;-35824
"The non-financial corporations sector";"Not consolidated";"Other changes";"2017";-81030;;;;-5221;0;-4127;-1094;;-1094;-204;-22;-182;-35845;-19436;-16409;-38768;-39138;6429;-45775;208;370;173;197;3366;-12;;3378;0;3378;3378;0;0;-3899;-3899;-364;-3535;;-459;-286;-173;-12083;;;;;;;;;;-6781;-541;-6240;-44504;-21294;-23210;44884;44884;65159;-22702;2427;;;;-6;;;-6;0;-6;-6;0;;-5051;-5046;-311;-4735;-5;-625;-277;-348;-68947
"The non-financial corporations sector";"Not consolidated";"Other changes";"2018";47369;;;;1134;0;716;418;;418;-86;5;-91;11297;3325;7972;36849;36350;-3807;40077;80;499;270;229;-2539;0;;-2539;0;-2539;-2539;0;0;493;493;1219;-726;;221;93;128;82;;;;;;;;;;-5891;160;-6051;14550;2871;11679;-7820;-7820;-26885;16652;2413;;;;-13;;;-13;0;-13;-13;0;;-599;-620;176;-796;21;-145;32;-177;47287
"The non-financial corporations sector";"Not consolidated";"Other changes";"2019";26341;;;;727;0;492;235;;235;57;63;-6;2597;1945;652;20735;21035;9233;11802;0;-300;-346;46;348;0;;348;0;348;348;0;0;1687;1687;1264;423;;190;213;-23;165805;;;;;;;;;;230;0;230;4486;2283;2203;160296;160296;140032;17625;2639;;;;-79;;;-79;0;-79;-79;0;;614;627;-84;711;-13;258;269;-11;-139464
"The non-financial corporations sector";"Not consolidated";"Other changes";"2020";-68474;;;;33897;0;33913;-16;;-16;-405;-3;-402;-13256;-3526;-9730;-89513;-89943;-467;-89476;0;430;10;420;-1417;0;;-1417;0;-1417;-1417;0;0;2317;2317;42;2275;;-97;0;-97;-33633;;;;;;;;;;895;-4;899;2454;-4415;6869;-37712;-37712;81620;-125134;5802;;;;-24;;;-24;0;-24;-24;0;;969;1052;46;1006;-83;-215;-193;-22;-34841
"The non-financial corporations sector";"Not consolidated";"Other changes";"2021";303206;;;;4281;0;3458;823;;823;-953;-33;-920;74127;21111;53016;218347;217733;2306;210372;5055;614;88;526;5007;0;;5007;0;5007;5007;0;0;1699;1699;-30;1729;;698;87;611;568911;;;;;;;;;;-1278;-90;-1188;88713;33906;54807;481331;481331;213673;260336;7322;;;;-23;;;-23;0;-23;-23;0;;-114;-130;-2;-128;16;282;-3;285;-265705
"The non-financial corporations sector";"Not consolidated";"Other changes";"2022";88106;;;;1996;0;1153;843;;843;-446;-35;-411;13069;596;12473;71415;71396;-7881;78467;810;19;323;-304;-1193;-1;;-1192;0;-1192;-1192;0;0;3082;3082;158;2924;;183;144;39;20790;;;;;;;;;;-14432;-14;-14418;11594;4238;7356;21978;21978;-195818;141406;76390;;;;-80;;;-80;0;-80;-80;0;;1766;1781;-193;1974;-15;-36;-35;-1;67316
"The non-financial corporations sector";"Not consolidated";"Other changes";"2023";-207545;;;;-2100;0;-1460;-640;;-640;-15;16;-31;-14498;8091;-22589;-183650;-184354;-79;-185551;1276;704;4;700;-786;0;;-786;0;-786;-786;0;0;-6364;-6364;-505;-5859;;-132;-97;-35;-10027;;;;;;;;;;7716;29;7687;-56004;-1408;-54596;42895;42895;130022;-89444;2317;;;;-101;;;-101;0;-101;-101;0;;-3942;-3946;152;-4098;4;-591;-606;15;-197518
"The non-financial corporations sector";"Not consolidated";"Other changes";"2024";41691;;;;1264;0;1560;-296;;-296;216;245;-29;4126;1461;2665;37869;36260;-6913;43174;-1;1609;366;1243;-1156;0;;-1156;0;-1156;-1156;0;0;-709;-709;-142;-567;;81;-16;97;101587;;;;;;;;;;9192;1996;7196;5545;2674;2871;87702;87702;-12365;98517;1550;;;;-445;;;-445;0;-445;-445;0;;-382;-452;20;-472;70;-25;-103;78;-59896
"The non-financial corporations sector";"Not consolidated";"Other changes";"2025*";-79338;;;;-4795;0;-3273;-1522;;-1522;-402;134;-536;-10760;-3709;-7051;-64586;-64152;5848;-70454;454;-434;-1210;776;575;0;;575;0;575;575;0;0;780;780;-56;836;;-150;-85;-65;103649;;;;;;;;;;-5386;53;-5439;-11492;-4598;-6894;119729;119729;94942;26671;-1884;;;;-192;;;-192;0;-192;-192;0;;971;985;-40;1025;-14;19;22;-3;-182987
"The non-financial corporations sector";"Not consolidated";"Other changes";"2026 1st quarter*";4263;;;;560;0;457;103;;103;147;78;69;292;61;231;2996;2705;-1576;3639;642;291;149;142;-695;0;;-695;0;-695;-695;0;0;961;961;20;941;;2;-7;9;89320;;;;;;;;;;-2541;13;-2554;876;637;239;91875;91875;70289;17494;4092;;;;-40;;;-40;0;-40;-40;0;;-878;-897;-16;-881;19;28;27;1;-85057
"The non-financial corporations sector";"Not consolidated";"Other changes";"2026 2nd quarter*";-3906;;;;61;0;24;37;;37;-70;-10;-60;-7142;4276;-11418;2176;1082;4219;-3016;-121;1094;23;1071;1074;0;;1074;0;1074;1074;0;0;-14;-14;-47;33;;9;8;1;340962;;;;;;;;;;-2858;28;-2886;332;4382;-4050;343167;343167;331304;13077;-1214;;;;-40;;;-40;0;-40;-40;0;;354;335;-9;344;19;7;8;-1;-344868
"The non-financial corporations sector";"Not consolidated";"Price changes and revaluations";"2015";51534;;;;2921;0;2454;467;;467;62;14;48;34284;14066;20218;15563;20199;8186;12028;-15;-4636;-4279;-357;-2384;-1027;;-1357;0;-1357;-1357;0;0;583;583;-200;783;;505;162;343;88024;;;;;;;;;;815;9;806;41194;15905;25289;45464;45464;50937;-7190;1717;;;;-11;;;-11;0;-11;-11;0;;178;180;-27;207;-2;384;172;212;-36490
"The non-financial corporations sector";"Not consolidated";"Price changes and revaluations";"2016";2166;;;;-249;0;210;-459;;-459;-2091;-157;-1934;8476;5743;2733;-4481;4747;-2331;7241;-163;-9228;-9104;-124;622;0;;622;0;622;622;0;0;-69;-69;-149;80;;-42;7;-49;40106;;;;;;;;;;-3918;403;-4321;9895;5577;4318;35957;35957;15472;18504;1981;;;;-119;;;-119;0;-119;-119;0;;-1483;-1510;76;-1586;27;-226;-27;-199;-37940
"The non-financial corporations sector";"Not consolidated";"Price changes and revaluations";"2017";-82832;;;;-5149;0;-4134;-1015;;-1015;-204;-22;-182;-35753;-19436;-16317;-40608;-40978;6429;-47615;208;370;173;197;3366;-12;;3378;0;3378;3378;0;0;-3899;-3899;-364;-3535;;-585;-282;-303;-12173;;;;;;;;;;-6792;-541;-6251;-42736;-20695;-22041;43044;43044;65159;-24542;2427;;;;-6;;;-6;0;-6;-6;0;;-5051;-5046;-311;-4735;-5;-632;-277;-355;-70659
"The non-financial corporations sector";"Not consolidated";"Price changes and revaluations";"2018";43594;;;;1175;0;736;439;;439;-86;5;-91;11229;3324;7905;33092;32899;-3807;36626;80;193;270;-77;-2539;0;;-2539;0;-2539;-2539;0;0;493;493;1219;-726;;230;93;137;-2085;;;;;;;;;;-6141;160;-6301;15461;3071;12390;-10805;-10805;-26885;13667;2413;;;;-13;;;-13;0;-13;-13;0;;-599;-620;176;-796;21;12;32;-20;45679
"The non-financial corporations sector";"Not consolidated";"Price changes and revaluations";"2019";26325;;;;688;0;495;193;;193;57;63;-6;2597;1945;652;20735;21035;9233;11802;0;-300;-346;46;348;0;;348;0;348;348;0;0;1687;1687;1264;423;;213;213;0;166291;;;;;;;;;;230;0;230;4950;2510;2440;160309;160309;140032;17638;2639;;;;-79;;;-79;0;-79;-79;0;;614;627;-84;711;-13;267;269;-2;-139966
"The non-financial corporations sector";"Not consolidated";"Price changes and revaluations";"2020";-109625;;;;-3147;0;-2121;-1026;;-1026;-405;-3;-402;-13260;-3526;-9734;-93710;-94140;-467;-93673;0;430;10;420;-1417;0;;-1417;0;-1417;-1417;0;0;2317;2317;42;2275;;-3;0;-3;-51528;;;;;;;;;;895;-4;899;-10927;-4215;-6712;-42248;-42248;81620;-129670;5802;;;;-24;;;-24;0;-24;-24;0;;969;1052;46;1006;-83;-193;-193;0;-58097
"The non-financial corporations sector";"Not consolidated";"Price changes and revaluations";"2021";134710;;;;3119;0;2464;655;;655;-1014;-33;-981;10154;-985;11139;115698;115084;4157;105872;5055;614;88;526;5007;0;;5007;0;5007;5007;0;0;1663;1663;-30;1693;;83;87;-4;388033;;;;;;;;;;-188;-90;-98;8317;1687;6630;380039;380039;195111;177606;7322;;;;-23;;;-23;0;-23;-23;0;;-114;-130;-2;-128;16;2;-3;5;-253323
"The non-financial corporations sector";"Not consolidated";"Price changes and revaluations";"2022";90545;;;;2586;0;1745;841;;841;-362;-35;-327;12837;476;12361;73422;73580;-2691;75506;765;-158;146;-304;-1193;-1;;-1192;0;-1192;-1192;0;0;3082;3082;158;2924;;173;144;29;22032;;;;;;;;;;-14426;-14;-14412;11083;4251;6832;23725;23725;-195886;143221;76390;;;;-80;;;-80;0;-80;-80;0;;1766;1781;-193;1974;-15;-36;-35;-1;68513
"The non-financial corporations sector";"Not consolidated";"Price changes and revaluations";"2023";-15407;;;;-1769;0;-1339;-430;;-430;-15;16;-31;-7301;-2242;-5059;874;170;-79;-995;1244;704;4;700;-786;0;;-786;0;-786;-786;0;0;-6338;-6338;-505;-5833;;-72;-87;15;169208;;;;;;;;;;8634;29;8605;-5515;-901;-4614;170674;170674;130022;38335;2317;;;;-101;;;-101;0;-101;-101;0;;-3942;-3946;152;-4098;4;-542;-540;-2;-184615
"The non-financial corporations sector";"Not consolidated";"Price changes and revaluations";"2024";41716;;;;1837;0;1607;230;;230;216;245;-29;3580;1522;2058;37937;36328;-6913;43167;74;1609;366;1243;-1156;0;;-1156;0;-1156;-1156;0;0;-709;-709;-142;-567;;11;-16;27;101509;;;;;;;;;;9192;1996;7196;5545;2674;2871;87702;87702;-12365;98517;1550;;;;-445;;;-445;0;-445;-445;0;;-382;-452;20;-472;70;-103;-103;0;-59793
"The non-financial corporations sector";"Not consolidated";"Price changes and revaluations";"2025*";-80717;;;;-3795;0;-3273;-522;;-522;-402;134;-536;-11257;-3727;-7530;-66468;-66034;5848;-72074;192;-434;-1210;776;575;0;;575;0;575;575;0;0;780;780;-56;836;;-150;-85;-65;103594;;;;;;;;;;-5385;53;-5438;-11492;-4598;-6894;119673;119673;94886;26671;-1884;;;;-192;;;-192;0;-192;-192;0;;971;985;-40;1025;-14;19;22;-3;-184311
"The non-financial corporations sector";"Not consolidated";"Price changes and revaluations";"2026 1st quarter*";3815;;;;560;0;457;103;;103;147;78;69;-141;57;-198;2981;2690;-1576;3639;627;291;149;142;-695;0;;-695;0;-695;-695;0;0;961;961;20;941;;2;-7;9;89322;;;;;;;;;;-2541;13;-2554;876;637;239;91877;91877;70291;17494;4092;;;;-40;;;-40;0;-40;-40;0;;-878;-897;-16;-881;19;28;27;1;-85507
"The non-financial corporations sector";"Not consolidated";"Price changes and revaluations";"2026 2nd quarter*";2905;;;;61;0;24;37;;37;-70;-10;-60;-340;-56;-284;2185;1091;4219;-3016;-112;1094;23;1071;1074;0;;1074;0;1074;1074;0;0;-14;-14;-47;33;;9;8;1;347744;;;;;;;;;;3924;28;3896;332;171;161;343167;343167;331304;13077;-1214;;;;-40;;;-40;0;-40;-40;0;;354;335;-9;344;19;7;8;-1;-344839
"The non-financial corporations sector";"Not consolidated";"Other volume changes";"2015";-113;;;;23;1;19;3;;3;0;0;0;2632;498;2134;0;0;0;0;0;0;0;0;-2738;0;;-2738;0;-2738;-2738;0;0;0;0;0;0;;-30;1;-31;1340;;;;;;;;;;2252;372;1880;-1510;-627;-883;363;363;0;363;0;;;;0;;;0;0;0;0;0;;0;0;0;0;0;235;-4;239;-1453
"The non-financial corporations sector";"Not consolidated";"Other volume changes";"2016";1244;;;;1381;0;-40810;42191;;42191;-150;0;-150;-1;0;-1;0;0;0;0;0;0;0;0;0;0;;0;0;0;0;0;0;0;0;0;0;;14;-1;15;-872;;;;;;;;;;0;0;0;-1051;205;-1256;141;141;0;141;0;;;;0;;;0;0;0;0;0;;0;0;0;0;0;38;0;38;2116
"The non-financial corporations sector";"Not consolidated";"Other volume changes";"2017";1802;;;;-72;0;7;-79;;-79;0;0;0;-92;0;-92;1840;1840;0;1840;0;0;0;0;0;0;;0;0;0;0;0;0;0;0;0;0;;126;-4;130;90;;;;;;;;;;11;0;11;-1768;-599;-1169;1840;1840;0;1840;0;;;;0;;;0;0;0;0;0;;0;0;0;0;0;7;0;7;1712
"The non-financial corporations sector";"Not consolidated";"Other volume changes";"2018";3775;;;;-41;0;-20;-21;;-21;0;0;0;68;1;67;3757;3451;0;3451;0;306;0;306;0;0;;0;0;0;0;0;0;0;0;0;0;;-9;0;-9;2167;;;;;;;;;;250;0;250;-911;-200;-711;2985;2985;0;2985;0;;;;0;;;0;0;0;0;0;;0;0;0;0;0;-157;0;-157;1608
"The non-financial corporations sector";"Not consolidated";"Other volume changes";"2019";16;;;;39;0;-3;42;;42;0;0;0;0;0;0;0;0;0;0;0;0;0;0;0;0;;0;0;0;0;0;0;0;0;0;0;;-23;0;-23;-486;;;;;;;;;;0;0;0;-464;-227;-237;-13;-13;0;-13;0;;;;0;;;0;0;0;0;0;;0;0;0;0;0;-9;0;-9;502
"The non-financial corporations sector";"Not consolidated";"Other volume changes";"2020";41151;;;;37044;0;36034;1010;;1010;0;0;0;4;0;4;4197;4197;0;4197;0;0;0;0;0;0;;0;0;0;0;0;0;0;0;0;0;;-94;0;-94;17895;;;;;;;;;;0;0;0;13381;-200;13581;4536;4536;0;4536;0;;;;0;;;0;0;0;0;0;;0;0;0;0;0;-22;0;-22;23256
"The non-financial corporations sector";"Not consolidated";"Other volume changes";"2021";168496;;;;1162;0;994;168;;168;61;0;61;63973;22096;41877;102649;102649;-1851;104500;0;0;0;0;0;0;;0;0;0;0;0;0;36;36;0;36;;615;0;615;180878;;;;;;;;;;-1090;0;-1090;80396;32219;48177;101292;101292;18562;82730;0;;;;0;;;0;0;0;0;0;;0;0;0;0;0;280;0;280;-12382
"The non-financial corporations sector";"Not consolidated";"Other volume changes";"2022";-2439;;;;-590;0;-592;2;;2;-84;0;-84;232;120;112;-2007;-2184;-5190;2961;45;177;177;0;0;0;;0;0;0;0;0;0;0;0;0;0;;10;0;10;-1242;;;;;;;;;;-6;0;-6;511;-13;524;-1747;-1747;68;-1815;0;;;;0;;;0;0;0;0;0;;0;0;0;0;0;0;0;0;-1197
"The non-financial corporations sector";"Not consolidated";"Other volume changes";"2023";-192138;;;;-331;0;-121;-210;;-210;0;0;0;-7197;10333;-17530;-184524;-184524;0;-184556;32;0;0;0;0;0;;0;0;0;0;0;0;-26;-26;0;-26;;-60;-10;-50;-179235;;;;;;;;;;-918;0;-918;-50489;-507;-49982;-127779;-127779;0;-127779;0;;;;0;;;0;0;0;0;0;;0;0;0;0;0;-49;-66;17;-12903
"The non-financial corporations sector";"Not consolidated";"Other volume changes";"2024";-25;;;;-573;0;-47;-526;;-526;0;0;0;546;-61;607;-68;-68;0;7;-75;0;0;0;0;0;;0;0;0;0;0;0;0;0;0;0;;70;0;70;78;;;;;;;;;;0;0;0;0;0;0;0;0;0;0;0;;;;0;;;0;0;0;0;0;;0;0;0;0;0;78;0;78;-103
"The non-financial corporations sector";"Not consolidated";"Other volume changes";"2025*";1379;;;;-1000;0;0;-1000;;-1000;0;0;0;497;18;479;1882;1882;0;1620;262;0;0;0;0;0;;0;0;0;0;0;0;0;0;0;0;;0;0;0;55;;;;;;;;;;-1;0;-1;0;0;0;56;56;56;0;0;;;;0;;;0;0;0;0;0;;0;0;0;0;0;0;0;0;1324
"The non-financial corporations sector";"Not consolidated";"Other volume changes";"2026 1st quarter*";448;;;;0;0;0;0;;0;0;0;0;433;4;429;15;15;0;0;15;0;0;0;0;0;;0;0;0;0;0;0;0;0;0;0;;0;0;0;-2;;;;;;;;;;0;0;0;0;0;0;-2;-2;-2;0;0;;;;0;;;0;0;0;0;0;;0;0;0;0;0;0;0;0;450
"The non-financial corporations sector";"Not consolidated";"Other volume changes";"2026 2nd quarter*";-6811;;;;0;0;0;0;;0;0;0;0;-6802;4332;-11134;-9;-9;0;0;-9;0;0;0;0;0;;0;0;0;0;0;0;0;0;0;0;;0;0;0;-6782;;;;;;;;;;-6782;0;-6782;0;4211;-4211;0;0;0;0;0;;;;0;;;0;0;0;0;0;;0;0;0;0;0;0;0;0;-29
"The non-financial corporations sector";"Not consolidated";"Closing balance sheet";"2015";2846164;;;;228851;4002;161453;63396;;63396;12311;2182;10129;988622;416371;572251;1389958;1383342;44739;1328032;10571;6616;5131;1485;24216;16974;;7242;0;7242;7242;0;0;7228;7228;589;6639;;194978;155674;39304;3945437;;;;;;;;;;81042;6054;74988;1507804;536410;971394;2141029;2141029;399619;1662514;78896;;;;0;;;0;0;0;0;0;;14115;13756;492;13264;359;201447;133409;68038;-1099273
"The non-financial corporations sector";"Not consolidated";"Closing balance sheet";"2016";3095971;;;;242493;3733;133608;105152;;105152;9197;1195;8002;1083067;429577;653490;1518188;1512733;44827;1453413;14493;5455;2717;2738;27662;19335;;8327;0;8327;8327;0;0;6570;6570;521;6049;;208794;165634;43160;4215228;;;;;;;;;;115515;5677;109838;1550318;520083;1030235;2323114;2323114;417735;1817672;87707;;;;0;;;0;0;0;0;0;;12657;12248;570;11678;409;213624;144681;68943;-1119257
"The non-financial corporations sector";"Not consolidated";"Closing balance sheet";"2017";3198502;;;;254336;3486;144294;106556;;106556;8012;1861;6151;1166395;468002;698393;1519241;1514007;49184;1446010;18813;5234;1703;3531;31413;19424;;11989;0;11989;11989;0;0;4386;4386;313;4073;;214719;170877;43842;4351719;;;;;;;;;;123245;6268;116977;1597975;530402;1067573;2406023;2406023;477362;1831989;96672;;;;0;;;0;0;0;0;0;;7664;7274;331;6943;390;216812;151525;65287;-1153217
"The non-financial corporations sector";"Not consolidated";"Closing balance sheet";"2018";3293461;;;;261353;3354;152373;105626;;105626;9006;2724;6282;1180639;461478;719161;1588282;1577445;38561;1515912;22972;10837;6172;4665;29080;19507;;9573;0;9573;9573;0;0;7592;7592;3710;3882;;217509;173998;43511;4379176;;;;;;;;;;130075;3854;126221;1618298;547800;1070498;2402307;2402307;408368;1886732;107207;;;;0;;;0;0;0;0;0;;7124;6716;569;6147;408;221372;156690;64682;-1085715
"The non-financial corporations sector";"Not consolidated";"Closing balance sheet";"2019";3382103;;;;263120;3545;165219;94356;;94356;6134;1170;4964;1207003;451901;755102;1657335;1647257;48017;1572215;27025;10078;4542;5536;31070;21038;;10032;0;10032;10032;0;0;5180;5180;1392;3788;;212261;170303;41958;4590810;;;;;;;;;;135783;4236;131547;1610681;522721;1087960;2614983;2614983;531831;1963279;119873;;;;0;;;0;0;0;0;0;;7753;7333;475;6858;420;221610;155779;65831;-1208707
"The non-financial corporations sector";"Not consolidated";"Closing balance sheet";"2020";3397913;;;;325822;4084;233739;87999;;87999;6608;1111;5497;1210435;432457;777978;1609700;1596240;45419;1519759;31062;13460;7612;5848;31295;22224;;9071;0;9071;9071;0;0;5466;5466;601;4865;;208587;162860;45727;4608804;;;;;;;;;;151612;5288;146324;1605050;499439;1105611;2613503;2613503;535481;1944380;133642;;;;0;;;0;0;0;0;0;;8727;8381;517;7864;346;229912;152111;77801;-1210891
"The non-financial corporations sector";"Not consolidated";"Closing balance sheet";"2021";3897520;;;;381394;4942;283532;92920;;92920;6271;1469;4802;1304919;468693;836226;1914025;1897915;44959;1820936;32020;16110;5506;10604;36868;22673;;14195;0;14195;14195;0;0;9251;9251;564;8687;;244792;194513;50279;5330653;;;;;;;;;;157878;2414;155464;1736049;581598;1154451;3169701;3169701;784782;2231232;153687;;;;0;;;0;0;0;0;0;;8657;8251;515;7736;406;258368;171203;87165;-1433133
"The non-financial corporations sector";"Not consolidated";"Closing balance sheet";"2022";4151387;;;;392539;5579;279343;107617;;107617;7153;2128;5025;1392843;543904;848939;2045378;2028567;35983;1958459;34125;16811;5896;10915;35744;22687;;13057;0;13057;13057;0;0;12615;12615;3405;9210;;265115;215464;49651;5403089;;;;;;;;;;163663;6687;156976;1822381;645844;1176537;3124926;3124926;564153;2399625;161148;;;;0;;;0;0;0;0;0;;10565;10100;390;9710;465;281554;189643;91911;-1251702
"The non-financial corporations sector";"Not consolidated";"Closing balance sheet";"2023";3980193;;;;380521;6402;216059;158060;;158060;7706;2091;5615;1426951;605465;821486;1853249;1833884;36295;1762165;35424;19365;6032;13333;35739;23419;;12320;0;12320;12320;0;0;6667;6667;2034;4633;;269360;213996;55364;5396130;;;;;;;;;;180357;7058;173299;1797976;675252;1122724;3140830;3140830;672258;2296033;172539;;;;0;;;0;0;0;0;0;;6438;5896;284;5612;542;270529;184531;85998;-1415937
"The non-financial corporations sector";"Not consolidated";"Closing balance sheet";"2024";4079190;;;;399535;7696;226284;165555;;165555;9018;3139;5879;1414333;580310;834023;1939250;1915516;25902;1852489;37125;23734;8388;15346;35674;24504;;11170;0;11170;11170;0;0;7783;7783;1857;5926;;273597;219254;54343;5519037;;;;;;;;;;187301;3670;183631;1797419;659286;1138133;3256872;3256872;652627;2434827;169418;;;;0;;;0;0;0;0;0;;6039;5429;289;5140;610;271406;192421;78985;-1439847
"The non-financial corporations sector";"Not consolidated";"Closing balance sheet";"2025*";4052975;;;;402667;9395;226224;167048;;167048;7523;2700;4823;1401909;583852;818057;1922773;1897638;28106;1830400;39132;25135;7713;17422;37444;25682;;11762;0;11762;11762;0;0;8361;8361;1826;6535;;272298;220462;51836;5640682;;;;;;;;;;184741;2750;181991;1798575;670236;1128339;3378225;3378225;738025;2470466;169734;;;;0;;;0;0;0;0;0;;7019;6426;261;6165;593;272122;194836;77286;-1587707
"The non-financial corporations sector";"Not consolidated";"Closing balance sheet";"2026 1st quarter*";4091196;;;;399255;9771;217636;171848;;171848;9955;4662;5293;1399086;576598;822488;1953820;1929133;26464;1862204;40465;24687;6605;18082;37788;26717;;11071;0;11071;11071;0;0;9652;9652;1879;7773;;281640;224205;57435;5750812;;;;;;;;;;186524;3547;182977;1816358;681066;1135292;3475014;3475014;808264;2492203;174547;;;;0;;;0;0;0;0;0;;6160;5550;266;5284;610;266756;194640;72116;-1659616
"The non-financial corporations sector";"Not consolidated";"Closing balance sheet";"2026 2nd quarter*";4122219;;;;414976;10357;233332;171287;;171287;9453;4491;4962;1392009;591148;800861;1967928;1941785;30843;1870140;40802;26143;6160;19983;39551;27402;;12149;0;12149;12149;0;0;9326;9326;1841;7485;;288976;231019;57957;6132408;;;;;;;;;;188105;5219;182886;1830535;704061;1126474;3834064;3834064;1140405;2517751;175908;;;;0;;;0;0;0;0;0;;6523;5896;268;5628;627;273181;200557;72624;-2010189
"Financial corporations";"Not consolidated";"Opening balance sheet";"2015";10202999;24903;19450;5453;709599;2308;224234;483057;;483057;1204575;41814;1162761;3432399;1109417;2322982;4036207;3154032;506070;2625956;22006;882175;40529;841646;24613;23801;;812;0;812;812;0;0;607368;607368;78203;529165;;163335;2367;160968;10171500;5769;;5769;1474503;54053;616938;803512;326844;476668;1399939;92958;1306981;1524122;723394;800728;3513435;2768694;390732;2069650;308312;744741;8609;736132;1445498;42167;147460;1255791;1241659;14132;11808;2324;80;583184;583028;77713;505315;156;225050;2630;222420;31499
"Financial corporations";"Not consolidated";"Opening balance sheet";"2016";10555385;25215;19213;6002;815669;2233;310795;502641;;502641;1234917;34984;1199933;3463935;1096921;2367014;4362618;3459003;514874;2918327;25802;903615;44889;858726;22159;21697;;462;0;462;462;0;0;484462;484462;58928;425534;;146410;2639;143771;10551910;6158;;6158;1601205;57244;715236;828725;333314;495411;1391672;81701;1309971;1593726;737802;855924;3748122;2988489;439537;2207539;341413;759633;9910;749723;1529288;42302;143259;1343643;1333193;10450;7704;2746;84;472785;472674;55720;416954;111;208954;2939;206015;3475
"Financial corporations";"Not consolidated";"Opening balance sheet";"2017";11318041;27383;21662;5721;893536;1951;345228;546357;;546357;1306492;44645;1261847;3557664;1086603;2471061;4859619;3860804;601595;3218794;40415;998815;45449;953366;15759;15297;;462;0;462;462;0;0;502609;502609;67537;435072;;154979;2303;152676;11372982;6172;;6172;1727383;59483;763917;903983;339431;564552;1425497;90486;1335011;1652330;738671;913659;4209446;3373204;565413;2454633;353158;836242;7580;828662;1663709;40621;142467;1480534;1467764;12770;8789;3981;87;475933;475839;65368;410471;94;212512;2740;209772;-54941
"Financial corporations";"Not consolidated";"Opening balance sheet";"2018";11422280;26626;21305;5321;935937;2074;358031;575832;;575832;1302872;48090;1254782;3500687;1041103;2459584;5090518;4029662;644236;3345913;39513;1060856;51950;1008906;12508;12108;;400;0;400;400;0;0;404143;404143;68534;335609;;148989;2204;146785;11439472;5756;;5756;1730702;61827;781951;886924;343355;543569;1322167;86417;1235750;1739058;840634;898424;4398232;3503082;615367;2642252;245463;895150;6427;888723;1642390;36166;133158;1472974;1457112;15862;12389;3473;92;374708;374620;65926;308694;88;226459;2778;223681;-17192
"Financial corporations";"Not consolidated";"Opening balance sheet";"2019";11057680;27777;22069;5708;906864;2281;334552;570031;;570031;1317451;42436;1275015;3506868;969786;2537082;4794961;3753136;588517;3116067;48552;1041825;53937;987888;10935;10535;;400;0;400;400;0;0;369812;369812;82357;287455;;123012;2118;120894;11086083;5895;;5895;1718075;64985;782794;870296;351410;518886;1350399;90374;1260025;1679891;788426;891465;4152664;3285698;513581;2543966;228151;866966;6022;860944;1681222;36654;120961;1523516;1508962;14554;9973;4581;91;331016;330945;75693;255252;71;166921;2568;164353;-28403
"Financial corporations";"Not consolidated";"Opening balance sheet";"2020";11759863;32828;26733;6095;875254;2091;299590;573573;;573573;1386450;46542;1339908;3447519;1016661;2430858;5362159;4186658;744406;3394872;47380;1175501;55526;1119975;11200;10800;;400;0;400;400;0;0;505788;505788;84727;421061;;138665;2101;136564;11806633;5989;;5989;1683136;70029;740040;873067;363403;509664;1425368;87201;1338167;1572118;797986;774132;4590836;3601829;736336;2646414;219079;989007;5705;983302;1940264;38740;133080;1768346;1752272;16074;10432;5642;98;430734;430680;79666;351014;54;158188;2146;156042;-46770
"Financial corporations";"Not consolidated";"Opening balance sheet";"2021";11914896;35986;30177;5809;1082936;1773;405982;675181;;675181;1431549;80808;1350741;3343040;942281;2400759;5284451;4043275;829144;3165868;48263;1241176;71899;1169277;11795;11395;;400;0;400;400;0;0;599692;599692;106416;493276;;125447;1037;124410;12033919;5726;;5726;1974088;77846;952431;943811;386801;557010;1411265;59959;1351306;1436044;749758;686286;4437291;3401311;705195;2494865;201251;1035980;6187;1029793;2145139;40896;128863;1975288;1963705;11583;9471;2112;92;472431;472388;98639;373749;43;151935;2114;149821;-119023
"Financial corporations";"Not consolidated";"Opening balance sheet";"2022";12185390;48619;31692;16927;1147671;1629;450029;696013;;696013;1497397;77299;1420098;3512520;936840;2575680;5347719;4057601;964137;3019818;73646;1290118;67412;1222706;10831;10431;;400;0;400;400;0;0;494105;494105;109544;384561;;126528;1093;125435;12138871;16353;;16353;2165262;83785;1057927;1023550;400405;623145;1448731;61613;1387118;1394241;634201;760040;4483465;3422055;741194;2473975;206886;1061410;3054;1058356;2045217;40487;120536;1884098;1866507;17591;14595;2996;96;430962;430918;106204;324714;44;154640;2105;152535;46519
"Financial corporations";"Not consolidated";"Opening balance sheet";"2023";11804680;50815;33594;17221;1242930;1951;473113;767866;;767866;1221498;60229;1161269;3608533;1006624;2601909;4797490;3769239;836416;2844198;88625;1028251;67053;961198;9293;8893;;400;0;400;400;0;0;726848;726848;135550;591298;;147273;999;146274;11660723;16620;;16620;2178131;85303;1106591;986237;422493;563744;1319809;73883;1245926;1356114;612258;743856;4197820;3416569;627514;2622867;166188;781251;1559;779692;1631258;39377;98598;1493167;1479710;13457;13457;0;116;783452;783400;133566;649834;52;177519;1939;175580;143957
"Financial corporations";"Not consolidated";"Opening balance sheet";"2024";11680473;54099;36780;17319;1102026;1974;389661;710391;;710391;1291193;65342;1225851;3559724;988208;2571516;4901247;3824969;869402;2863603;91964;1076278;95164;981114;9460;9060;;400;0;400;400;0;0;608122;608122;148918;459204;;154602;1162;153440;11549603;16177;;16177;2044326;84373;928221;1031732;449919;581813;1350479;86191;1264288;1305125;561601;743524;4214866;3401670;675126;2548373;178171;813196;1055;812141;1772668;41811;99741;1630965;1618245;12720;12720;0;151;652189;652143;147593;504550;46;193773;2143;191630;130870
"Financial corporations";"Not consolidated";"Opening balance sheet";"2025*";12040893;66711;49447;17264;1108815;2616;387238;718961;;718961;1375479;67556;1307923;3655175;1021747;2633428;5077924;3958549;1007601;2846717;104231;1119375;69834;1049541;9302;8902;;400;0;400;400;0;0;591033;591033;156879;434154;;156454;1124;155330;11906680;16668;;16668;2088176;86890;923514;1077772;478461;599311;1392921;92498;1300423;1300457;545157;755300;4406304;3517940;709650;2617369;190921;888364;1680;886684;1879091;42254;99793;1736853;1725283;11570;11570;0;191;626608;626561;153977;472584;47;196455;2512;193943;134213
"Financial corporations";"Not consolidated";"Opening balance sheet";"2026 1st quarter*";12193057;88421;72250;16171;1173479;2992;362239;808248;;808248;1358062;64066;1293996;3760214;1056024;2704190;5024651;3969659;1014389;2850087;105183;1054992;70335;984657;8477;8077;;400;0;400;400;0;0;605527;605527;190794;414733;;174226;1181;173045;11968312;15473;;15473;2162122;88604;865246;1208272;513139;695133;1424365;87222;1337143;1311911;560686;751225;4453109;3601773;812632;2587468;201673;851336;2912;848424;1694700;42929;95789;1555771;1543609;12162;12162;0;211;687395;687340;180298;507042;55;219237;2439;216798;224745
"Financial corporations";"Not consolidated";"Opening balance sheet";"2026 2nd quarter*";12414095;94996;78640;16356;1265833;2787;406941;856105;;856105;1408050;82199;1325851;3804281;1099051;2705230;4970289;3907938;963277;2837762;106899;1062351;80801;981550;8806;8406;;400;0;400;400;0;0;646710;646710;231044;415666;;215130;1218;213912;12304999;15683;;15683;2254278;87232;924004;1243042;520943;722099;1449870;121137;1328733;1321990;572001;749989;4444220;3591221;747454;2637608;206159;852999;3171;849828;1839826;44981;94148;1700481;1689010;11471;11471;0;216;717438;717383;213092;504291;55;261694;2352;259342;109096
"Financial corporations";"Not consolidated";"Financial transactions";"2015";299933;184;0;184;84224;-75;82423;1876;;1876;42631;-7977;50608;-19045;-36817;17772;193632;207968;-28313;234524;1757;-14336;3677;-18013;-2393;-2463;;70;0;70;70;0;0;18333;18333;-6817;25150;;-17633;279;-17912;281780;0;;0;98005;3191;84639;10175;6463;3712;-26005;-15650;-10355;44927;361;44566;167152;165543;83962;61889;19692;1609;1301;308;19675;-1088;-6036;26795;25973;822;400;422;4;-4207;-4195;-4195;;-12;-17767;312;-18079;18153
"Financial corporations";"Not consolidated";"Financial transactions";"2016";469155;-287;0;-287;78191;-282;35795;42678;;42678;41759;9437;32322;39044;-24715;63759;299784;274136;33657;228277;12202;25648;412;25236;-7310;-7429;;119;0;119;119;0;0;10534;10534;14421;-3887;;7440;-336;7776;456980;5;;5;123924;2239;90460;31225;6857;24368;21827;9014;12813;12822;-2017;14839;262999;238149;51301;219764;-32916;24850;-2330;27180;16016;-2542;-8481;27036;25338;1698;463;1235;3;15730;15738;15738;;-8;3657;-199;3856;12175
"Financial corporations";"Not consolidated";"Financial transactions";"2017";260511;-6;0;-6;64850;123;16185;48542;;48542;34674;5686;28988;44587;-7161;51748;128253;98074;-1750;102547;-2723;30179;7168;23011;-2922;-2929;;7;0;7;7;0;0;-4145;-4145;17020;-21165;;-4780;-99;-4681;251794;5;;5;40459;2344;36299;1816;3948;-2132;-34670;2469;-37139;124830;128498;-3668;76149;46525;16217;102337;-72029;29624;-1153;30777;12604;-3711;-7602;23912;24135;-223;285;-508;5;16177;16178;16178;;-1;16240;48;16192;8717
"Financial corporations";"Not consolidated";"Financial transactions";"2018";-363602;269;0;269;-35396;207;-24180;-11423;;-11423;21373;-6077;27450;-15687;-81787;66100;-355613;-345866;-7123;-345887;7144;-9747;1763;-11510;-1772;-1785;;13;0;13;13;0;0;48912;48912;34436;14476;;-25688;-86;-25602;-382895;6;;6;-23541;3158;-4323;-22376;8038;-30414;40055;1301;38754;-80476;-67859;-12617;-307430;-305178;-17080;-188749;-99349;-2252;-405;-1847;17960;292;-7060;24729;23498;1231;123;1108;-1;30769;30774;30774;;-5;-60238;-210;-60028;19293
"Financial corporations";"Not consolidated";"Financial transactions";"2019";17667;283;0;283;-34736;-190;-34222;-324;;-324;26458;4845;21613;-84079;39944;-124023;34198;44848;15045;32179;-2376;-10650;6608;-17258;-732;-811;;79;0;79;79;0;0;62047;62047;65855;-3808;;14228;-17;14245;10963;5;;5;-41501;5044;-46272;-273;11986;-12259;15985;-5310;21295;-115191;4128;-119319;67157;79360;90026;38826;-49492;-12203;1875;-14078;24636;1007;-6427;30049;28877;1172;111;1061;7;68995;69006;69006;;-11;-9123;-422;-8701;6704
"Financial corporations";"Not consolidated";"Financial transactions";"2020";219889;-31;0;-31;259031;-318;145497;113852;;113852;27160;34360;-7200;-49675;-53033;3358;-72120;-118759;29590;-151829;3480;46639;17391;29248;-22;-46;;24;0;24;24;0;0;66703;66703;82350;-15647;;-11157;-1064;-10093;217162;5;;5;311726;7817;223951;79958;23406;56552;-17089;-22876;5787;-89861;-29542;-60319;-86326;-114111;18549;-101421;-31239;27785;482;27303;23752;2040;-4855;26573;29647;-3074;456;-3530;-6;80216;80224;80224;;-8;-5261;-32;-5229;2727
"Financial corporations";"Not consolidated";"Financial transactions";"2021";55818;10592;0;10592;52943;-144;42748;10339;;10339;102364;-3886;106250;98174;-21992;120166;-268084;-107138;-15134;-97562;5558;-160946;-5579;-155367;-545;-568;;23;0;23;23;0;0;60859;60859;51974;8885;;-485;56;-541;29912;10078;;10078;170527;5939;93407;71181;13584;57597;29909;-2980;32889;-77887;-115691;37804;-172543;-36083;78134;-111808;-2409;-136460;-3133;-133327;17304;-9;-6151;23460;22459;1001;117;884;4;50445;50441;50441;;4;2079;-9;2088;25906
"Financial corporations";"Not consolidated";"Financial transactions";"2022";329872;101;0;101;87524;322;20994;66208;;66208;-38402;-17261;-21141;70123;55163;14960;-291245;-119921;-46436;-88284;14799;-171324;-815;-170509;-191;-271;;80;0;80;80;0;0;484089;484089;437765;46324;;17873;-96;17969;284310;77;;77;2370;1518;42469;-41617;22102;-63719;827;10133;-9306;-53535;-31166;-22369;-141872;21565;1634;22252;-2321;-163437;-1490;-161947;23446;302;-4070;27194;30136;-2942;54;-2996;20;432275;432273;432273;;2;20722;-160;20882;45562
"Financial corporations";"Not consolidated";"Financial transactions";"2023";-88273;607;0;607;-135232;23;-82112;-53143;;-53143;27618;4379;23239;-18011;-13189;-4822;-272030;-288861;-45193;-248617;4949;16831;27882;-11051;-64;-165;;101;0;101;101;0;0;303082;303082;314859;-11777;;5757;166;5591;-125283;39;;39;-125486;-930;-173007;48451;27441;21010;-8255;11953;-20208;-68163;-58633;-9530;-282837;-275102;-33621;-255573;14092;-7735;-526;-7209;24860;2298;-4103;26630;26581;49;49;0;35;319348;319343;319343;;5;15211;208;15003;37010
"Financial corporations";"Not consolidated";"Financial transactions";"2024";353230;-575;0;-575;-1560;642;-2293;91;;91;85233;2835;82398;68428;9892;58536;-126534;-72708;-5773;-75078;8143;-53826;-28822;-25004;110;-335;;445;0;445;445;0;0;326750;326750;312730;14020;;1378;-36;1414;337049;-5;;-5;26294;2517;-15613;39390;28497;10893;12957;-2989;15946;-12242;-18239;5997;-30096;-21048;-11720;3504;-12832;-9048;605;-9653;27123;369;-4585;31299;31293;6;6;0;40;311402;311397;311397;;5;1616;357;1259;16181
"Financial corporations";"Not consolidated";"Financial transactions";"2025*";699194;124;0;124;91295;376;-21835;112754;;112754;30230;-3454;33684;157892;59282;98610;-108483;-50276;-42815;-16725;9264;-58207;617;-58824;-192;-384;;192;0;192;192;0;0;512611;512611;503906;8705;;15717;61;15656;675627;-7;;-7;109970;1714;-37013;145269;34783;110486;62566;494;62072;36155;22230;13925;-80307;-32915;-3055;-32259;2399;-47392;1232;-48624;30835;1359;-4396;33852;33835;17;17;0;20;494213;494209;494209;;4;22202;-69;22271;23567
"Financial corporations";"Not consolidated";"Financial transactions";"2026 1st quarter*";374699;-40;0;-40;89645;-205;45255;44595;;44595;60861;18223;42638;37930;40821;-2891;2215;-1560;-17566;15118;888;3775;9708;-5933;302;262;;40;0;40;40;0;0;143047;143047;145255;-2208;;40739;37;40702;484442;-7;;-7;87030;-1372;56334;32068;7790;24278;37059;32318;4741;9134;13123;-3989;47500;45852;23966;24374;-2488;1648;275;1373;124132;2002;-830;122955;122951;4;4;0;5;137501;137501;137501;;0;42093;-90;42183;-109743
"Financial corporations";"Not consolidated";"Financial transactions";"2026 2nd quarter*";2462;117;0;117;-33330;-87;-45744;12501;;12501;4395;14320;-9925;27354;39500;-12146;-52023;-36622;-26352;-16613;6343;-15401;78;-15479;-712;-752;;40;0;40;40;0;0;65594;65594;61709;3885;;-8933;260;-9193;8062;3;;3;-2001;854;-32059;29204;12942;16262;-1864;7610;-9474;-44638;-9743;-34895;-17163;-14336;-2320;-12447;431;-2827;-12;-2815;11729;-84;-1308;13116;13112;4;4;0;5;54694;54694;54694;;0;7302;136;7166;-5600
"Financial corporations";"Not consolidated";"Other changes";"2015";52453;128;-237;365;21846;0;4138;17708;;17708;-12289;1147;-13436;50581;24321;26260;132779;97003;37117;57847;2039;35776;683;35093;-61;359;;-420;0;-420;-420;0;0;-141239;-141239;-12458;-128781;;708;-7;715;98630;389;;389;28697;0;13659;15038;7;15031;17738;4393;13345;24677;14047;10630;67535;54252;-35157;76000;13409;13283;0;13283;64115;1223;1835;61057;65561;-4504;-4504;0;0;-106192;-106159;-17798;-88361;-33;1671;-3;1674;-46177
"Financial corporations";"Not consolidated";"Other changes";"2016";293501;2455;2449;6;-324;0;-1362;1038;;1038;29816;224;29592;54685;14397;40288;197217;127665;53064;72190;2411;69552;148;69404;910;1029;;-119;0;-119;-119;0;0;7613;7613;-5812;13425;;1129;0;1129;364092;9;;9;2254;0;-41779;44033;-740;44773;11998;-229;12227;45782;2886;42896;198325;146566;74575;27330;44661;51759;0;51759;118405;861;7689;109855;109233;622;622;0;0;-12582;-12573;-6090;-6483;-9;-99;0;-99;-70591
"Financial corporations";"Not consolidated";"Other changes";"2017";-156272;-751;-357;-394;-22449;0;-3382;-19067;;-19067;-38294;-2241;-36053;-101564;-38339;-63225;102646;70784;44391;24572;1821;31862;-667;32529;-329;-260;;-69;0;-69;-69;0;0;-94321;-94321;-16023;-78298;;-1210;0;-1210;-185304;-421;;-421;-37140;0;-18265;-18875;-24;-18851;-68660;-6538;-62122;-38102;-26535;-11567;112637;83353;33737;85282;-35666;29284;0;29284;-33923;-744;-1707;-31472;-34787;3315;3315;0;0;-117402;-117397;-15620;-101777;-5;-2293;-10;-2283;29032
"Financial corporations";"Not consolidated";"Other changes";"2018";-998;882;764;118;6323;0;701;5622;;5622;-6794;423;-7217;21868;10470;11398;60056;69340;-48596;116041;1895;-9284;224;-9508;199;212;;-13;0;-13;-13;0;0;-83243;-83243;-20613;-62630;;-289;0;-289;29506;133;;133;10914;0;5166;5748;17;5731;-11823;2656;-14479;21309;15651;5658;61862;87794;-84706;90463;82037;-25932;0;-25932;20872;196;-5137;25813;28352;-2539;-2539;0;0;-74461;-74449;-21007;-53442;-12;700;0;700;-30504
"Financial corporations";"Not consolidated";"Other changes";"2019";684516;4768;4664;104;3126;0;-740;3866;;3866;42541;-739;43280;24730;6931;17799;533000;388674;140844;246626;1204;144326;-5019;149345;997;1076;;-79;0;-79;-79;0;0;73929;73929;-63485;137414;;1425;0;1425;709587;89;;89;6562;0;3518;3044;7;3037;58984;2137;56847;7418;5432;1986;371015;236771;132729;63622;40420;134244;-2192;136436;234406;1079;18546;214781;214433;348;348;0;0;30723;30729;-65033;95762;-6;390;0;390;-25071
"Financial corporations";"Not consolidated";"Other changes";"2020";-64856;3189;3444;-255;-51349;0;-39105;-12244;;-12244;17939;-94;18033;-54804;-21347;-33457;-5588;-24624;55148;-77175;-2597;19036;-1018;20054;617;641;;-24;0;-24;-24;0;0;27201;27201;-60661;87862;;-2061;0;-2061;10124;-268;;-268;-20774;0;-11560;-9214;-8;-9206;2986;-4366;7352;-46213;-18686;-27527;-67219;-86407;-49690;-50128;13411;19188;0;19188;181123;116;638;180369;181786;-1417;-1417;0;0;-38519;-38516;-61251;22735;-3;-992;0;-992;-74980
"Financial corporations";"Not consolidated";"Other changes";"2021";214676;2041;1515;526;11792;0;1299;10493;;10493;-36516;377;-36893;71306;16551;54755;331352;121464;150127;-48488;19825;209888;1092;208796;-419;-396;;-23;0;-23;-23;0;0;-166446;-166446;-48846;-117600;;1566;0;1566;75040;549;;549;20647;0;12089;8558;20;8538;7557;4634;2923;36084;134;35950;218717;56827;-42135;90918;8044;161890;0;161890;-117226;-400;-2176;-114650;-119657;5007;5007;0;0;-91914;-91911;-42876;-49035;-3;626;0;626;139636
"Financial corporations";"Not consolidated";"Other changes";"2022";-710582;2095;1902;193;7735;0;2090;5645;;5645;-237497;191;-237688;25890;14621;11269;-258984;-168441;-81285;-87336;180;-90543;456;-90999;-1347;-1267;;-80;0;-80;-80;0;0;-251346;-251346;-411759;160413;;2872;2;2870;-762458;190;;190;10499;0;6195;4304;-14;4318;-129749;2137;-131886;15408;9223;6185;-143773;-27051;-115314;126640;-38377;-116722;-5;-116717;-437405;-1412;-17868;-418125;-416933;-1192;-1192;0;0;-79785;-79791;-404911;325120;6;2157;-6;2163;51876
"Financial corporations";"Not consolidated";"Other changes";"2023";-35934;2677;3186;-509;-5672;0;-1340;-4332;;-4332;42077;734;41343;-30798;-5227;-25571;375787;344591;78179;268022;-1610;31196;229;30967;231;332;;-101;0;-101;-101;0;0;-421808;-421808;-301491;-120317;;1572;-3;1575;14163;-482;;-482;-8319;0;-5363;-2956;-15;-2941;38925;355;38570;17174;7976;9198;299883;260203;81233;181079;-2109;39680;22;39658;116550;136;5246;111168;111954;-786;-786;0;0;-450611;-450600;-305316;-145284;-11;1043;-4;1047;-50097
"Financial corporations";"Not consolidated";"Other changes";"2024";7190;13187;12667;520;8349;0;-130;8479;;8479;-947;-621;-326;27023;23647;3376;303211;206288;143972;58192;4124;96923;3492;93431;-268;177;;-445;0;-445;-445;0;0;-343839;-343839;-304769;-39070;;474;-2;476;20028;496;;496;17556;0;10906;6650;45;6605;29485;9296;20189;7574;1795;5779;221534;137318;46244;65492;25582;84216;20;84196;79300;74;4637;74589;75745;-1156;-1156;0;0;-336983;-336979;-305013;-31966;-4;1066;12;1054;-12838
"Financial corporations";"Not consolidated";"Other changes";"2025*";-547030;21586;22803;-1217;-26631;0;-3164;-23467;;-23467;-47647;-36;-47611;-52853;-25005;-27848;55210;61386;49603;20095;-8312;-6176;-116;-6060;-633;-441;;-192;0;-192;-192;0;0;-498117;-498117;-469991;-28126;;2055;-4;2059;-613995;-1188;;-1188;-36024;0;-21255;-14769;-105;-14664;-31122;-5770;-25352;-24701;-6701;-18000;127112;116748;106037;2358;8353;10364;0;10364;-215226;-684;392;-214934;-215509;575;575;0;0;-433426;-433430;-467888;34458;4;580;-4;584;66965
"Financial corporations";"Not consolidated";"Other changes";"2026 1st quarter*";-153661;6615;6390;225;2709;0;-553;3262;;3262;-10873;-90;-10783;6137;2206;3931;-56577;-60161;-33546;-27443;828;3584;758;2826;27;67;;-40;0;-40;-40;0;0;-101864;-101864;-105005;3141;;165;0;165;-147755;217;;217;5126;0;2424;2702;14;2688;-11554;1597;-13151;945;-1808;2753;-56389;-56404;-89144;25766;6974;15;-16;31;20994;50;-811;21755;22450;-695;-695;0;0;-107458;-107458;-104707;-2751;0;364;3;361;-5906
"Financial corporations";"Not consolidated";"Other changes";"2026 2nd quarter*";159348;-8903;-9018;115;1824;0;87;1737;;1737;20176;296;19880;8935;237;8698;238511;184308;82326;101035;947;54203;-137;54340;36;76;;-40;0;-40;-40;0;0;-101288;-101288;-48708;-52580;;57;0;57;128854;110;;110;2614;0;1417;1197;10;1187;34356;1541;32815;-925;-3805;2880;138927;76787;91382;-7661;-6934;62140;5;62135;47671;40;3609;44022;42948;1074;1074;0;0;-94154;-94154;-41882;-52272;0;255;5;250;30494
"Financial corporations";"Not consolidated";"Price changes and revaluations";"2015";51116;128;-237;365;21858;0;4138;17720;;17720;-12712;1147;-13859;55548;25261;30287;126763;90987;37117;51831;2039;35776;683;35093;40;359;;-319;0;-319;-319;0;0;-141239;-141239;-12458;-128781;;730;0;730;97083;389;;389;28697;0;13659;15038;7;15031;19312;4809;14503;25837;15075;10762;62950;45626;-35157;67374;13409;17324;0;17324;64162;-1515;3931;61746;63411;-1665;-1665;0;0;-106192;-106159;-17798;-88361;-33;1928;0;1928;-45967
"Financial corporations";"Not consolidated";"Price changes and revaluations";"2016";254427;2455;2449;6;59;0;702;-643;;-643;30106;514;29592;15180;14455;725;198012;128460;53064;72985;2411;69552;148;69404;910;1029;;-119;0;-119;-119;0;0;7613;7613;-5812;13425;;92;0;92;318898;9;;9;1391;0;798;593;11;582;10090;-224;10314;7711;2886;4825;198377;146618;74575;27382;44661;51759;0;51759;114011;861;7689;105461;104839;622;622;0;0;-12582;-12573;-6090;-6483;-9;-109;0;-109;-64471
"Financial corporations";"Not consolidated";"Price changes and revaluations";"2017";-129792;-751;-357;-394;-22449;0;-3382;-19067;;-19067;-38294;-2241;-36053;-78823;-35969;-42854;106466;74604;44391;28392;1821;31862;-667;32529;-329;-260;;-69;0;-69;-69;0;0;-94321;-94321;-16023;-78298;;-1291;0;-1291;-161326;-421;;-421;-37140;0;-18265;-18875;-24;-18851;-46759;-6538;-40221;-38076;-21930;-16146;115701;86417;33737;88346;-35666;29284;0;29284;-34955;-744;-1707;-32504;-35819;3315;3315;0;0;-117402;-117397;-15620;-101777;-5;-2274;0;-2274;31534
"Financial corporations";"Not consolidated";"Price changes and revaluations";"2018";911;882;764;118;6569;0;577;5992;;5992;-7930;546;-8476;26411;13994;12417;58009;69831;-49051;116977;1905;-11822;217;-12039;199;212;;-13;0;-13;-13;0;0;-83347;-83347;-20624;-62723;;118;0;118;42150;133;;133;10914;0;5166;5748;17;5731;-11677;2656;-14333;26021;18093;7928;63870;89726;-84706;92395;82037;-25856;0;-25856;26833;196;-5137;31774;34313;-2539;-2539;0;0;-74484;-74472;-21030;-53442;-12;540;0;540;-41239
"Financial corporations";"Not consolidated";"Price changes and revaluations";"2019";705536;4768;4664;104;4395;0;568;3827;;3827;42394;-886;43280;25626;7026;18600;552008;407682;140844;265634;1204;144326;-3264;147590;997;1076;;-79;0;-79;-79;0;0;73929;73929;-63485;137414;;1419;0;1419;728875;89;;89;6562;0;3518;3044;7;3037;58984;2137;56847;10643;5436;5207;383887;249849;123868;85561;40420;134038;0;134038;237597;1079;18546;217972;217624;348;348;0;0;30723;30729;-65033;95762;-6;390;0;390;-23339
"Financial corporations";"Not consolidated";"Price changes and revaluations";"2020";-44145;3189;3444;-255;-15979;0;-3164;-12815;;-12815;17939;-94;18033;-57765;-24924;-32841;-17467;-36503;55148;-89054;-2597;19036;-1018;20054;656;680;;-24;0;-24;-24;0;0;27343;27343;-60519;87862;;-2061;0;-2061;37256;-268;;-268;-20774;0;-11560;-9214;-8;-9206;-18688;-4366;-14322;-32161;-18682;-13479;-66873;-86061;-49690;-54382;18011;19188;0;19188;215531;124;638;214769;216186;-1417;-1417;0;0;-38519;-38516;-61251;22735;-3;-992;0;-992;-81401
"Financial corporations";"Not consolidated";"Price changes and revaluations";"2021";335883;2041;1515;526;12976;0;2315;10661;;10661;-36462;377;-36839;36302;18103;18199;485903;276015;148305;126876;834;209888;1092;208796;-419;-396;;-23;0;-23;-23;0;0;-166410;-166410;-48846;-117564;;1952;0;1952;205789;549;;549;20647;0;12089;8558;20;8538;6457;4634;1823;17368;11750;5618;369206;207316;122846;79357;5113;161890;0;161890;-117226;-400;-2176;-114650;-119657;5007;5007;0;0;-91914;-91911;-42876;-49035;-3;702;0;702;130094
"Financial corporations";"Not consolidated";"Price changes and revaluations";"2022";-720146;2095;1902;193;7135;0;1490;5645;;5645;-237497;191;-237688;25729;14877;10852;-267787;-177244;-87687;-89737;180;-90543;456;-90999;-1347;-1267;;-80;0;-80;-80;0;0;-251346;-251346;-411759;160413;;2872;2;2870;-781896;190;;190;10499;0;6195;4304;-14;4318;-129749;2137;-131886;15405;9222;6183;-151684;-34962;-115314;118729;-38377;-116722;-5;-116717;-448905;-1412;-17868;-429625;-428433;-1192;-1192;0;0;-79785;-79791;-404911;325120;6;2133;-6;2139;61750
"Financial corporations";"Not consolidated";"Price changes and revaluations";"2023";-227096;2677;3186;-509;-5673;0;-1341;-4332;;-4332;42077;734;41343;-12497;-9767;-2730;168271;137075;78161;60524;-1610;31196;229;30967;231;332;;-101;0;-101;-101;0;0;-421808;-421808;-301491;-120317;;-374;-3;-371;-177374;-482;;-482;-8319;0;-5363;-2956;-15;-2941;38007;355;37652;-10403;-6350;-4053;138680;99000;81233;19876;-2109;39680;22;39658;116550;136;5246;111168;111954;-786;-786;0;0;-450611;-450600;-305316;-145284;-11;-796;-2;-794;-49722
"Financial corporations";"Not consolidated";"Price changes and revaluations";"2024";25557;13187;12667;520;9779;0;1789;7990;;7990;-595;1517;-2112;25114;14176;10938;321791;224903;169630;55302;-29;96888;3474;93414;-268;177;;-445;0;-445;-445;0;0;-343839;-343839;-304769;-39070;;388;-2;390;44262;496;;496;17556;0;10906;6650;45;6605;40305;9296;31009;7574;1795;5779;234950;150734;42091;83061;25582;84216;20;84196;79300;74;4637;74589;75745;-1156;-1156;0;0;-336983;-336979;-305013;-31966;-4;1064;12;1052;-18705
"Financial corporations";"Not consolidated";"Price changes and revaluations";"2025*";-549469;21586;22803;-1217;-20325;0;-3164;-17161;;-17161;-47654;-43;-47611;-59498;-32157;-27341;55208;61384;49601;20095;-8312;-6176;-116;-6060;-633;-441;;-192;0;-192;-192;0;0;-498117;-498117;-469991;-28126;;-36;-4;-32;-616659;-1188;;-1188;-36024;0;-21255;-14769;-105;-14664;-31122;-5770;-25352;-24701;-6701;-18000;126539;116175;106057;1765;8353;10364;0;10364;-215226;-684;392;-214934;-215509;575;575;0;0;-433426;-433430;-467888;34458;4;-1511;-4;-1507;67190
"Financial corporations";"Not consolidated";"Price changes and revaluations";"2026 1st quarter*";-149148;6615;6390;225;3839;0;577;3262;;3262;-10873;-90;-10783;9386;4969;4417;-56443;-60027;-33546;-27309;828;3584;758;2826;27;67;;-40;0;-40;-40;0;0;-101864;-101864;-105005;3141;;165;0;165;-143710;217;;217;6256;0;3554;2702;14;2688;-11554;1597;-13151;3726;932;2794;-56255;-56270;-89144;25900;6974;15;-16;31;20994;50;-811;21755;22450;-695;-695;0;0;-107458;-107458;-104707;-2751;0;364;3;361;-5438
"Financial corporations";"Not consolidated";"Price changes and revaluations";"2026 2nd quarter*";141852;-8903;-9018;115;2041;0;304;1737;;1737;20176;296;19880;6690;3105;3585;223043;168840;82326;85567;947;54203;-137;54340;36;76;;-40;0;-40;-40;0;0;-101288;-101288;-48708;-52580;;57;0;57;111281;110;;110;2831;0;1634;1197;10;1187;27574;1541;26033;3594;606;2988;123400;61260;91382;-23188;-6934;62140;5;62135;47671;40;3609;44022;42948;1074;1074;0;0;-94154;-94154;-41882;-52272;0;255;5;250;30571
"Financial corporations";"Not consolidated";"Other volume changes";"2015";1337;0;0;0;-12;0;0;-12;;-12;423;0;423;-4967;-940;-4027;6016;6016;0;6016;0;0;0;0;-101;0;;-101;0;-101;-101;0;0;0;0;0;0;;-22;-7;-15;1547;0;;0;0;0;0;0;0;0;-1574;-416;-1158;-1160;-1028;-132;4585;8626;0;8626;0;-4041;0;-4041;-47;2738;-2096;-689;2150;-2839;-2839;0;0;0;0;0;0;0;-257;-3;-254;-210
"Financial corporations";"Not consolidated";"Other volume changes";"2016";39074;0;0;0;-383;0;-2064;1681;;1681;-290;-290;0;39505;-58;39563;-795;-795;0;-795;0;0;0;0;0;0;;0;0;0;0;0;0;0;0;0;0;;1037;0;1037;45194;0;;0;863;0;-42577;43440;-751;44191;1908;-5;1913;38071;0;38071;-52;-52;0;-52;0;0;0;0;4394;0;0;4394;4394;0;0;0;0;0;0;0;0;0;10;0;10;-6120
"Financial corporations";"Not consolidated";"Other volume changes";"2017";-26480;0;0;0;0;0;0;0;;0;0;0;0;-22741;-2370;-20371;-3820;-3820;0;-3820;0;0;0;0;0;0;;0;0;0;0;0;0;0;0;0;0;;81;0;81;-23978;0;;0;0;0;0;0;0;0;-21901;0;-21901;-26;-4605;4579;-3064;-3064;0;-3064;0;0;0;0;1032;0;0;1032;1032;0;0;0;0;0;0;0;0;0;-19;-10;-9;-2502
"Financial corporations";"Not consolidated";"Other volume changes";"2018";-1909;0;0;0;-246;0;124;-370;;-370;1136;-123;1259;-4543;-3524;-1019;2047;-491;455;-936;-10;2538;7;2531;0;0;;0;0;0;0;0;0;104;104;11;93;;-407;0;-407;-12644;0;;0;0;0;0;0;0;0;-146;0;-146;-4712;-2442;-2270;-2008;-1932;0;-1932;0;-76;0;-76;-5961;0;0;-5961;-5961;0;0;0;0;23;23;23;0;0;160;0;160;10735
"Financial corporations";"Not consolidated";"Other volume changes";"2019";-21020;0;0;0;-1269;0;-1308;39;;39;147;147;0;-896;-95;-801;-19008;-19008;0;-19008;0;0;-1755;1755;0;0;;0;0;0;0;0;0;0;0;0;0;;6;0;6;-19288;0;;0;0;0;0;0;0;0;0;0;0;-3225;-4;-3221;-12872;-13078;8861;-21939;0;206;-2192;2398;-3191;0;0;-3191;-3191;0;0;0;0;0;0;0;0;0;0;0;0;-1732
"Financial corporations";"Not consolidated";"Other volume changes";"2020";-20711;0;0;0;-35370;0;-35941;571;;571;0;0;0;2961;3577;-616;11879;11879;0;11879;0;0;0;0;-39;-39;;0;0;0;0;0;0;-142;-142;-142;0;;0;0;0;-27132;0;;0;0;0;0;0;0;0;21674;0;21674;-14052;-4;-14048;-346;-346;0;4254;-4600;0;0;0;-34408;-8;0;-34400;-34400;0;0;0;0;0;0;0;0;0;0;0;0;6421
"Financial corporations";"Not consolidated";"Other volume changes";"2021";-121207;0;0;0;-1184;0;-1016;-168;;-168;-54;0;-54;35004;-1552;36556;-154551;-154551;1822;-175364;18991;0;0;0;0;0;;0;0;0;0;0;0;-36;-36;0;-36;;-386;0;-386;-130749;0;;0;0;0;0;0;0;0;1100;0;1100;18716;-11616;30332;-150489;-150489;-164981;11561;2931;0;0;0;0;0;0;0;0;0;0;0;0;0;0;0;0;0;-76;0;-76;9542
"Financial corporations";"Not consolidated";"Other volume changes";"2022";9564;0;0;0;600;0;600;0;;0;0;0;0;161;-256;417;8803;8803;6402;2401;0;0;0;0;0;0;;0;0;0;0;0;0;0;0;0;0;;0;0;0;19438;0;;0;0;0;0;0;0;0;0;0;0;3;1;2;7911;7911;0;7911;0;0;0;0;11500;0;0;11500;11500;0;0;0;0;0;0;0;0;0;24;0;24;-9874
"Financial corporations";"Not consolidated";"Other volume changes";"2023";191162;0;0;0;1;0;1;0;;0;0;0;0;-18301;4540;-22841;207516;207516;18;207498;0;0;0;0;0;0;;0;0;0;0;0;0;0;0;0;0;;1946;0;1946;191537;0;;0;0;0;0;0;0;0;918;0;918;27577;14326;13251;161203;161203;0;161203;0;0;0;0;0;0;0;0;0;0;0;0;0;0;0;0;0;0;1839;-2;1841;-375
"Financial corporations";"Not consolidated";"Other volume changes";"2024";-18367;0;0;0;-1430;0;-1919;489;;489;-352;-2138;1786;1909;9471;-7562;-18580;-18615;-25658;2890;4153;35;18;17;0;0;;0;0;0;0;0;0;0;0;0;0;;86;0;86;-24234;0;;0;0;0;0;0;0;0;-10820;0;-10820;0;0;0;-13416;-13416;4153;-17569;0;0;0;0;0;0;0;0;0;0;0;0;0;0;0;0;0;0;2;0;2;5867
"Financial corporations";"Not consolidated";"Other volume changes";"2025*";2439;0;0;0;-6306;0;0;-6306;;-6306;7;7;0;6645;7152;-507;2;2;2;0;0;0;0;0;0;0;;0;0;0;0;0;0;0;0;0;0;;2091;0;2091;2664;0;;0;0;0;0;0;0;0;0;0;0;0;0;0;573;573;-20;593;0;0;0;0;0;0;0;0;0;0;0;0;0;0;0;0;0;0;2091;0;2091;-225
"Financial corporations";"Not consolidated";"Other volume changes";"2026 1st quarter*";-4513;0;0;0;-1130;0;-1130;0;;0;0;0;0;-3249;-2763;-486;-134;-134;0;-134;0;0;0;0;0;0;;0;0;0;0;0;0;0;0;0;0;;0;0;0;-4045;0;;0;-1130;0;-1130;0;0;0;0;0;0;-2781;-2740;-41;-134;-134;0;-134;0;0;0;0;0;0;0;0;0;0;0;0;0;0;0;0;0;0;0;0;0;-468
"Financial corporations";"Not consolidated";"Other volume changes";"2026 2nd quarter*";17496;0;0;0;-217;0;-217;0;;0;0;0;0;2245;-2868;5113;15468;15468;0;15468;0;0;0;0;0;0;;0;0;0;0;0;0;0;0;0;0;;0;0;0;17573;0;;0;-217;0;-217;0;0;0;6782;0;6782;-4519;-4411;-108;15527;15527;0;15527;0;0;0;0;0;0;0;0;0;0;0;0;0;0;0;0;0;0;0;0;0;-77
"Financial corporations";"Not consolidated";"Closing balance sheet";"2015";10555385;25215;19213;6002;815669;2233;310795;502641;;502641;1234917;34984;1199933;3463935;1096921;2367014;4362618;3459003;514874;2918327;25802;903615;44889;858726;22159;21697;;462;0;462;462;0;0;484462;484462;58928;425534;;146410;2639;143771;10551910;6158;;6158;1601205;57244;715236;828725;333314;495411;1391672;81701;1309971;1593726;737802;855924;3748122;2988489;439537;2207539;341413;759633;9910;749723;1529288;42302;143259;1343643;1333193;10450;7704;2746;84;472785;472674;55720;416954;111;208954;2939;206015;3475
"Financial corporations";"Not consolidated";"Closing balance sheet";"2016";11318041;27383;21662;5721;893536;1951;345228;546357;;546357;1306492;44645;1261847;3557664;1086603;2471061;4859619;3860804;601595;3218794;40415;998815;45449;953366;15759;15297;;462;0;462;462;0;0;502609;502609;67537;435072;;154979;2303;152676;11372982;6172;;6172;1727383;59483;763917;903983;339431;564552;1425497;90486;1335011;1652330;738671;913659;4209446;3373204;565413;2454633;353158;836242;7580;828662;1663709;40621;142467;1480534;1467764;12770;8789;3981;87;475933;475839;65368;410471;94;212512;2740;209772;-54941
"Financial corporations";"Not consolidated";"Closing balance sheet";"2017";11422280;26626;21305;5321;935937;2074;358031;575832;;575832;1302872;48090;1254782;3500687;1041103;2459584;5090518;4029662;644236;3345913;39513;1060856;51950;1008906;12508;12108;;400;0;400;400;0;0;404143;404143;68534;335609;;148989;2204;146785;11439472;5756;;5756;1730702;61827;781951;886924;343355;543569;1322167;86417;1235750;1739058;840634;898424;4398232;3503082;615367;2642252;245463;895150;6427;888723;1642390;36166;133158;1472974;1457112;15862;12389;3473;92;374708;374620;65926;308694;88;226459;2778;223681;-17192
"Financial corporations";"Not consolidated";"Closing balance sheet";"2018";11057680;27777;22069;5708;906864;2281;334552;570031;;570031;1317451;42436;1275015;3506868;969786;2537082;4794961;3753136;588517;3116067;48552;1041825;53937;987888;10935;10535;;400;0;400;400;0;0;369812;369812;82357;287455;;123012;2118;120894;11086083;5895;;5895;1718075;64985;782794;870296;351410;518886;1350399;90374;1260025;1679891;788426;891465;4152664;3285698;513581;2543966;228151;866966;6022;860944;1681222;36654;120961;1523516;1508962;14554;9973;4581;91;331016;330945;75693;255252;71;166921;2568;164353;-28403
"Financial corporations";"Not consolidated";"Closing balance sheet";"2019";11759863;32828;26733;6095;875254;2091;299590;573573;;573573;1386450;46542;1339908;3447519;1016661;2430858;5362159;4186658;744406;3394872;47380;1175501;55526;1119975;11200;10800;;400;0;400;400;0;0;505788;505788;84727;421061;;138665;2101;136564;11806633;5989;;5989;1683136;70029;740040;873067;363403;509664;1425368;87201;1338167;1572118;797986;774132;4590836;3601829;736336;2646414;219079;989007;5705;983302;1940264;38740;133080;1768346;1752272;16074;10432;5642;98;430734;430680;79666;351014;54;158188;2146;156042;-46770
"Financial corporations";"Not consolidated";"Closing balance sheet";"2020";11914896;35986;30177;5809;1082936;1773;405982;675181;;675181;1431549;80808;1350741;3343040;942281;2400759;5284451;4043275;829144;3165868;48263;1241176;71899;1169277;11795;11395;;400;0;400;400;0;0;599692;599692;106416;493276;;125447;1037;124410;12033919;5726;;5726;1974088;77846;952431;943811;386801;557010;1411265;59959;1351306;1436044;749758;686286;4437291;3401311;705195;2494865;201251;1035980;6187;1029793;2145139;40896;128863;1975288;1963705;11583;9471;2112;92;472431;472388;98639;373749;43;151935;2114;149821;-119023
"Financial corporations";"Not consolidated";"Closing balance sheet";"2021";12185390;48619;31692;16927;1147671;1629;450029;696013;;696013;1497397;77299;1420098;3512520;936840;2575680;5347719;4057601;964137;3019818;73646;1290118;67412;1222706;10831;10431;;400;0;400;400;0;0;494105;494105;109544;384561;;126528;1093;125435;12138871;16353;;16353;2165262;83785;1057927;1023550;400405;623145;1448731;61613;1387118;1394241;634201;760040;4483465;3422055;741194;2473975;206886;1061410;3054;1058356;2045217;40487;120536;1884098;1866507;17591;14595;2996;96;430962;430918;106204;324714;44;154640;2105;152535;46519
"Financial corporations";"Not consolidated";"Closing balance sheet";"2022";11804680;50815;33594;17221;1242930;1951;473113;767866;;767866;1221498;60229;1161269;3608533;1006624;2601909;4797490;3769239;836416;2844198;88625;1028251;67053;961198;9293;8893;;400;0;400;400;0;0;726848;726848;135550;591298;;147273;999;146274;11660723;16620;;16620;2178131;85303;1106591;986237;422493;563744;1319809;73883;1245926;1356114;612258;743856;4197820;3416569;627514;2622867;166188;781251;1559;779692;1631258;39377;98598;1493167;1479710;13457;13457;0;116;783452;783400;133566;649834;52;177519;1939;175580;143957
"Financial corporations";"Not consolidated";"Closing balance sheet";"2023";11680473;54099;36780;17319;1102026;1974;389661;710391;;710391;1291193;65342;1225851;3559724;988208;2571516;4901247;3824969;869402;2863603;91964;1076278;95164;981114;9460;9060;;400;0;400;400;0;0;608122;608122;148918;459204;;154602;1162;153440;11549603;16177;;16177;2044326;84373;928221;1031732;449919;581813;1350479;86191;1264288;1305125;561601;743524;4214866;3401670;675126;2548373;178171;813196;1055;812141;1772668;41811;99741;1630965;1618245;12720;12720;0;151;652189;652143;147593;504550;46;193773;2143;191630;130870
"Financial corporations";"Not consolidated";"Closing balance sheet";"2024";12040893;66711;49447;17264;1108815;2616;387238;718961;;718961;1375479;67556;1307923;3655175;1021747;2633428;5077924;3958549;1007601;2846717;104231;1119375;69834;1049541;9302;8902;;400;0;400;400;0;0;591033;591033;156879;434154;;156454;1124;155330;11906680;16668;;16668;2088176;86890;923514;1077772;478461;599311;1392921;92498;1300423;1300457;545157;755300;4406304;3517940;709650;2617369;190921;888364;1680;886684;1879091;42254;99793;1736853;1725283;11570;11570;0;191;626608;626561;153977;472584;47;196455;2512;193943;134213
"Financial corporations";"Not consolidated";"Closing balance sheet";"2025*";12193057;88421;72250;16171;1173479;2992;362239;808248;;808248;1358062;64066;1293996;3760214;1056024;2704190;5024651;3969659;1014389;2850087;105183;1054992;70335;984657;8477;8077;;400;0;400;400;0;0;605527;605527;190794;414733;;174226;1181;173045;11968312;15473;;15473;2162122;88604;865246;1208272;513139;695133;1424365;87222;1337143;1311911;560686;751225;4453109;3601773;812632;2587468;201673;851336;2912;848424;1694700;42929;95789;1555771;1543609;12162;12162;0;211;687395;687340;180298;507042;55;219237;2439;216798;224745
"Financial corporations";"Not consolidated";"Closing balance sheet";"2026 1st quarter*";12414095;94996;78640;16356;1265833;2787;406941;856105;;856105;1408050;82199;1325851;3804281;1099051;2705230;4970289;3907938;963277;2837762;106899;1062351;80801;981550;8806;8406;;400;0;400;400;0;0;646710;646710;231044;415666;;215130;1218;213912;12304999;15683;;15683;2254278;87232;924004;1243042;520943;722099;1449870;121137;1328733;1321990;572001;749989;4444220;3591221;747454;2637608;206159;852999;3171;849828;1839826;44981;94148;1700481;1689010;11471;11471;0;216;717438;717383;213092;504291;55;261694;2352;259342;109096
"Financial corporations";"Not consolidated";"Closing balance sheet";"2026 2nd quarter*";12575905;86210;69622;16588;1234327;2700;361284;870343;;870343;1432621;96815;1335806;3840570;1138788;2701782;5156777;4055624;1019251;2922184;114189;1101153;80742;1020411;8130;7730;;400;0;400;400;0;0;611016;611016;244045;366971;;206254;1478;204776;12441915;15796;;15796;2254891;88086;893362;1273443;533895;739548;1482362;130288;1352074;1276427;558453;717974;4565984;3653672;836516;2617500;199656;912312;3164;909148;1899226;44937;96449;1757619;1745070;12549;12549;0;221;677978;677923;225904;452019;55;269251;2493;266758;133990
"General government";"Not consolidated";"Opening balance sheet";"2015";346605;;;;32167;29;25451;6687;;6687;12516;323;12193;102822;37492;65330;91825;90911;36;55808;35067;914;0;914;0;0;;0;0;0;0;0;0;24237;24237;0;24237;;83038;2264;80774;658376;;;;20309;;16991;3318;;3318;420097;23443;396654;140192;62349;77843;616;616;0;616;0;;;;0;;;0;0;0;0;0;0;1036;1036;0;1036;;76126;7500;68626;-311771
"General government";"Not consolidated";"Opening balance sheet";"2016";347220;;;;38405;23;32496;5886;;5886;11571;248;11323;100462;36984;63478;98951;98057;17;62988;35052;894;115;779;0;0;;0;0;0;0;0;0;18724;18724;0;18724;;79107;2184;76923;656285;;;;27745;;24847;2898;;2898;405533;14061;391472;143038;63309;79729;647;647;0;647;0;;;;0;;;0;0;0;0;0;0;1008;1008;0;1008;;78314;7530;70784;-309065
"General government";"Not consolidated";"Opening balance sheet";"2017";350433;;;;42776;21;37258;5497;;5497;11034;993;10041;92425;33889;58536;103663;102633;2186;61511;38936;1030;260;770;0;0;;0;0;0;0;0;0;16381;16381;0;16381;;84154;2193;81961;655009;;;;33198;;31317;1881;;1881;406373;16641;389732;137169;57893;79276;608;608;0;608;0;;;;0;;;0;0;0;0;0;0;1078;1078;0;1078;;76583;7732;68851;-304576
"General government";"Not consolidated";"Opening balance sheet";"2018";350954;;;;48023;17;42497;5509;;5509;9843;745;9098;93221;32294;60927;103649;102834;1634;62927;38273;815;249;566;0;0;;0;0;0;0;0;0;12248;12248;0;12248;;83970;2125;81845;630673;;;;34275;;32488;1787;;1787;387098;16987;370111;129067;52142;76925;656;656;0;656;0;;;;0;;;0;0;0;0;0;0;878;878;0;878;;78699;7684;71015;-279719
"General government";"Not consolidated";"Opening balance sheet";"2019";353431;;;;50928;14;45625;5289;;5289;11013;1973;9040;93493;29689;63804;103338;103030;1266;61484;40280;308;16;292;0;0;;0;0;0;0;0;0;8608;8608;0;8608;;86051;2152;83899;620580;;;;37580;;35813;1767;;1767;378150;21997;356153;122210;45017;77193;728;728;0;728;0;;;;0;;;0;0;0;0;0;0;842;842;0;842;;81070;8012;73058;-267149
"General government";"Not consolidated";"Opening balance sheet";"2020";372696;;;;57737;14;53118;4605;;4605;9854;2258;7596;92258;26456;65802;113300;112932;1700;62220;49012;368;3;365;0;0;;0;0;0;0;0;0;9870;9870;0;9870;;89677;2143;87534;621070;;;;43882;;42142;1740;;1740;373407;17081;356326;121706;42816;78890;843;843;0;843;0;;;;0;;;0;0;0;0;0;0;1133;1133;0;1133;;80099;8280;71819;-248374
"General government";"Not consolidated";"Opening balance sheet";"2021";408953;;;;69523;11;66904;2608;;2608;9410;1804;7606;94920;25275;69645;109964;109630;959;51842;56829;334;0;334;0;0;;0;0;0;0;0;0;6413;6413;0;6413;;118723;2098;116625;689689;;;;49878;;48166;1712;;1712;424850;35984;388866;115784;35540;80244;923;923;0;923;0;;;;0;;;0;0;0;0;0;0;1241;1241;0;1241;;97013;9313;87700;-280736
"General government";"Not consolidated";"Opening balance sheet";"2022";432822;;;;76346;13;73898;2435;;2435;10379;3295;7084;94966;22746;72220;112941;112531;1219;56569;54743;410;0;410;0;0;;0;0;0;0;0;0;3245;3245;0;3245;;134945;2102;132843;716689;;;;62985;;61259;1726;;1726;430998;26171;404827;111198;29281;81917;1321;1321;0;1321;0;;;;0;;;0;0;0;0;0;0;919;919;0;919;;109268;10024;99244;-283867
"General government";"Not consolidated";"Opening balance sheet";"2023";435532;;;;92396;10;86363;6023;;6023;12084;5420;6664;101330;26174;75156;82303;81012;1213;60149;19650;1291;837;454;0;0;;0;0;0;0;0;0;32;32;0;32;;147387;2404;144983;675925;;;;70841;;65518;5323;;5323;383923;47820;336103;108230;24966;83264;1773;1773;0;1773;0;;;;0;;;0;0;0;0;0;0;236;236;0;236;;110922;10966;99956;-240393
"General government";"Not consolidated";"Opening balance sheet";"2024";431889;;;;95307;7;86898;8402;;8402;10285;3811;6474;84104;5299;78805;95423;94167;757;63006;30404;1256;731;525;0;0;;0;0;0;0;0;0;144;144;0;144;;146626;2722;143904;679205;;;;76664;;72450;4214;;4214;393394;32790;360604;94556;10451;84105;2357;2357;0;2357;0;;;;0;;;0;0;0;0;0;0;214;214;0;214;;112020;11872;100148;-247316
"General government";"Not consolidated";"Opening balance sheet";"2025*";477017;;;;112061;8;102677;9376;;9376;12048;5742;6306;99796;3922;95874;109437;108217;460;66671;41086;1220;615;605;0;0;;0;0;0;0;0;0;196;196;0;196;;143479;2530;140949;713107;;;;96764;;93770;2994;;2994;397013;43301;353712;94300;7569;86731;3104;3104;0;3104;0;;;;0;;;0;0;0;0;0;0;263;263;0;263;;121663;12196;109467;-236090
"General government";"Not consolidated";"Opening balance sheet";"2026 1st quarter*";539555;;;;131709;9;116475;15225;;15225;9789;3759;6030;113374;3918;109456;137867;136171;542;74564;61065;1696;1060;636;0;0;;0;0;0;0;0;0;159;159;0;159;;146657;2574;144083;757152;;;;110070;;106932;3138;;3138;408543;44775;363768;106476;18262;88214;3604;3604;0;3604;0;;;;0;;;0;0;0;0;0;0;181;181;0;181;;128278;13264;115014;-217597
"General government";"Not consolidated";"Opening balance sheet";"2026 2nd quarter*";550178;;;;131805;9;121812;9984;;9984;10559;4529;6030;119291;9946;109345;143128;141307;469;74429;66409;1821;1177;644;0;0;;0;0;0;0;0;0;92;92;0;92;;145303;2522;142781;762852;;;;113971;;110493;3478;;3478;403814;40636;363178;106262;18596;87666;3604;3604;0;3604;0;;;;0;;;0;0;0;0;0;0;190;190;0;190;;135011;13172;121839;-212674
"General government";"Not consolidated";"Financial transactions";"2015";-11262;;;;6243;-4;7064;-817;;-817;-1008;21;-1029;-2698;-511;-2187;-4282;-4297;-18;-3784;-495;15;115;-100;0;0;;0;0;0;0;0;0;-5639;-5639;0;-5639;;-3878;-80;-3798;1290;;;;7436;;7856;-420;;-420;-10085;-9510;-575;1784;-97;1881;30;30;0;30;0;;;;0;;;0;0;0;0;0;0;0;0;0;;;2125;29;2096;-12552
"General government";"Not consolidated";"Financial transactions";"2016";-3255;;;;4785;-2;5176;-389;;-389;-541;712;-1253;-4313;-3036;-1277;-3067;-3213;1870;-5111;28;146;145;1;0;0;;0;0;0;0;0;0;-6140;-6140;0;-6140;;6021;9;6012;-5936;;;;5453;;6470;-1017;;-1017;-3751;2516;-6267;-5896;-5402;-494;22;22;0;22;0;;;;0;;;0;0;0;0;0;0;0;0;0;;;-1764;203;-1967;2681
"General government";"Not consolidated";"Financial transactions";"2017";-3939;;;;5199;-4;5246;-43;;-43;-1334;-271;-1063;945;-1530;2475;-5669;-5460;-1095;-4384;19;-209;-11;-198;0;0;;0;0;0;0;0;0;-2908;-2908;0;-2908;;-172;-68;-104;-14285;;;;1077;;1171;-94;;-94;-9495;568;-10063;-7889;-5644;-2245;42;42;0;42;0;;;;0;;;0;0;0;0;0;0;0;0;0;;;1980;-54;2034;10346
"General government";"Not consolidated";"Financial transactions";"2018";1854;;;;2836;-3;3108;-269;;-269;1100;1217;-117;321;-2613;2934;-197;259;13;216;30;-456;-233;-223;0;0;;0;0;0;0;0;0;-4467;-4467;0;-4467;;2261;27;2234;-10100;;;;3298;;3325;-27;;-27;-8933;5117;-14050;-6843;-7060;217;36;36;0;36;0;;;;0;;;0;0;0;0;0;0;0;0;0;;;2342;328;2014;11954
"General government";"Not consolidated";"Financial transactions";"2019";7938;;;;6848;0;7490;-642;;-642;-1321;282;-1603;-1290;-3233;1943;708;656;1061;-437;32;52;-13;65;0;0;;0;0;0;0;0;0;-716;-716;0;-716;;3709;-9;3718;-7693;;;;6302;;6329;-27;;-27;-12694;-4480;-8214;-491;-2198;1707;120;120;0;120;0;;;;0;;;0;0;0;0;0;0;0;0;0;;;-930;268;-1198;15631
"General government";"Not consolidated";"Financial transactions";"2020";33923;;;;11830;-3;13820;-1987;;-1987;-363;-443;80;2884;-1189;4073;-4577;-4599;-785;-3802;-12;22;-3;25;0;0;;0;0;0;0;0;0;-5054;-5054;0;-5054;;29203;-45;29248;64140;;;;5996;;6024;-28;;-28;46942;18739;28203;-5875;-7281;1406;68;68;0;68;0;;;;0;;;0;0;0;0;0;0;0;0;0;;;17009;1033;15976;-30217
"General government";"Not consolidated";"Financial transactions";"2021";22387;;;;6801;2;6972;-173;;-173;942;1512;-570;19;-2529;2548;661;624;-434;1128;-70;37;0;37;0;0;;0;0;0;0;0;0;-2295;-2295;0;-2295;;16259;4;16255;42616;;;;13107;;13093;14;;14;21555;-9721;31276;-4609;-6285;1676;308;308;0;308;0;;;;0;;;0;0;0;0;0;0;0;0;0;;;12255;711;11544;-20229
"General government";"Not consolidated";"Financial transactions";"2022";37311;;;;16056;-3;12469;3590;;3590;1955;2125;-170;6326;3428;2898;1372;502;182;322;-2;870;837;33;0;0;;0;0;0;0;0;0;-880;-880;0;-880;;12482;303;12179;37336;;;;7856;;4259;3597;;3597;30211;22097;8114;-2980;-4315;1335;555;555;0;555;0;;;;0;;;0;0;0;0;0;0;0;0;0;;;1694;946;748;-25
"General government";"Not consolidated";"Financial transactions";"2023";-16700;;;;2915;-3;539;2379;;2379;-1841;-1609;-232;-17180;-20875;3695;237;309;-532;839;2;-72;-106;34;0;0;;0;0;0;0;0;0;-85;-85;0;-85;;-746;318;-1064;-13069;;;;5823;;6932;-1109;;-1109;-6961;-15351;8390;-13663;-14515;852;622;622;0;622;0;;;;0;;;0;0;0;0;0;0;0;0;0;;;1110;906;204;-3631
"General government";"Not consolidated";"Financial transactions";"2024";29793;;;;16584;1;15735;848;;848;1617;1945;-328;15584;-1377;16961;-733;-671;-300;-520;149;-62;-140;78;0;0;;0;0;0;0;0;0;-44;-44;0;-44;;-3215;-192;-3023;37868;;;;20100;;21320;-1220;;-1220;7865;10522;-2657;-351;-2882;2531;770;770;0;770;0;;;;0;;;0;0;0;0;0;0;0;0;0;;;9484;314;9170;-8075
"General government";"Not consolidated";"Financial transactions";"2025*";34167;;;;19648;1;13798;5849;;5849;-2136;-2002;-134;13754;-4;13758;-297;-811;128;-941;2;514;483;31;0;0;;0;0;0;0;0;0;20;20;0;20;;3178;44;3134;53106;;;;13306;;13162;144;;144;20490;1543;18947;12195;10693;1502;500;500;0;500;0;;;;0;;;0;0;0;0;0;0;0;0;0;;;6615;1068;5547;-18939
"General government";"Not consolidated";"Financial transactions";"2026 1st quarter*";5094;;;;96;0;5337;-5241;;-5241;772;777;-5;5891;6028;-137;-291;-410;-19;-389;-2;119;111;8;0;0;;0;0;0;0;0;0;-20;-20;0;-20;;-1354;-52;-1302;8031;;;;3901;;3561;340;;340;-2388;-4091;1703;-215;334;-549;0;0;0;0;0;;;;0;;;0;0;0;0;0;0;0;0;0;;;6733;-92;6825;-2937
"General government";"Not consolidated";"Financial transactions";"2026 2nd quarter*";2026;;;;12779;0;7599;5180;;5180;637;635;2;-4404;-4754;350;-1070;-999;9;-1009;1;-71;-79;8;0;0;;0;0;0;0;0;0;-85;-85;0;-85;;-5831;82;-5913;7095;;;;10891;;10004;887;;887;13009;-857;13866;-10350;-10625;275;0;0;0;0;0;;;;0;;;0;0;0;0;0;0;0;0;0;;;-6455;272;-6727;-5069
"General government";"Not consolidated";"Other changes";"2015";11877;;;;-5;-2;-19;16;;16;63;-96;159;338;3;335;11408;11443;-1;10964;480;-35;0;-35;0;0;;0;0;0;0;0;0;126;126;0;126;;-53;0;-53;-3381;;;;0;;0;0;;0;-4479;128;-4607;1062;1057;5;1;1;0;1;0;;;;0;;;0;0;0;0;0;0;-28;-28;0;-28;;63;1;62;15258
"General government";"Not consolidated";"Other changes";"2016";6468;;;;-414;0;-414;0;;0;4;33;-29;-3724;-59;-3665;7779;7789;299;3634;3856;-10;0;-10;0;0;;0;0;0;0;0;0;3797;3797;0;3797;;-974;0;-974;4660;;;;0;;0;0;;0;4591;64;4527;27;-14;41;-61;-61;0;-61;0;;;;0;;;0;0;0;0;0;0;70;70;0;70;;33;-1;34;1808
"General government";"Not consolidated";"Other changes";"2017";4460;;;;48;0;-7;55;;55;143;23;120;-149;-65;-84;5655;5661;543;5800;-682;-6;0;-6;0;0;;0;0;0;0;0;0;-1225;-1225;0;-1225;;-12;0;-12;-10051;;;;0;;0;0;;0;-9780;-222;-9558;-213;-107;-106;6;6;0;6;0;;;;0;;;0;0;0;0;0;0;-200;-200;0;-200;;136;6;130;14511
"General government";"Not consolidated";"Other changes";"2018";623;;;;69;0;20;49;;49;70;11;59;-49;8;-57;-114;-63;-381;-1659;1977;-51;0;-51;0;0;;0;0;0;0;0;0;827;827;0;827;;-180;0;-180;7;;;;7;;0;7;;7;-15;-107;92;-14;-65;51;36;36;0;36;0;;;;0;;;0;0;0;0;0;0;-36;-36;0;-36;;29;0;29;616
"General government";"Not consolidated";"Other changes";"2019";11327;;;;-39;0;3;-42;;-42;162;3;159;55;0;55;9254;9246;-627;1173;8700;8;0;8;0;0;;0;0;0;0;0;0;1978;1978;0;1978;;-83;0;-83;8183;;;;0;;0;0;;0;7951;-436;8387;-13;-3;-10;-5;-5;0;-5;0;;;;0;;;0;0;0;0;0;0;291;291;0;291;;-41;0;-41;3144
"General government";"Not consolidated";"Other changes";"2020";2334;;;;-44;0;-34;-10;;-10;-81;-11;-70;-222;8;-230;1241;1297;44;-6576;7829;-56;0;-56;0;0;;0;0;0;0;0;0;1597;1597;0;1597;;-157;0;-157;4479;;;;0;;0;0;;0;4501;164;4337;-47;5;-52;12;12;0;12;0;;;;0;;;0;0;0;0;0;0;108;108;0;108;;-95;0;-95;-2145
"General government";"Not consolidated";"Other changes";"2021";1482;;;;22;0;22;0;;0;27;-21;48;27;0;27;2316;2277;694;3599;-2016;39;0;39;0;0;;0;0;0;0;0;0;-873;-873;0;-873;;-37;0;-37;-15616;;;;0;;0;0;;0;-15407;-92;-15315;23;26;-3;90;90;0;90;0;;;;0;;;0;0;0;0;0;0;-322;-322;0;-322;;0;0;0;17098
"General government";"Not consolidated";"Other changes";"2022";-34601;;;;-6;0;-4;-2;;-2;-250;0;-250;38;0;38;-32010;-32021;-188;3258;-35091;11;0;11;0;0;;0;0;0;0;0;0;-2333;-2333;0;-2333;;-40;-1;-39;-78100;;;;0;;0;0;;0;-77286;-448;-76838;12;0;12;-103;-103;0;-103;0;;;;0;;;0;0;0;0;0;0;-683;-683;0;-683;;-40;-4;-36;43499
"General government";"Not consolidated";"Other changes";"2023";13057;;;;-4;0;-4;0;;0;42;0;42;-46;0;-46;12883;12846;76;2018;10752;37;0;37;0;0;;0;0;0;0;0;0;197;197;0;197;;-15;0;-15;16349;;;;0;;0;0;;0;16432;321;16111;-11;0;-11;-38;-38;0;-38;0;;;;0;;;0;0;0;0;0;0;-22;-22;0;-22;;-12;0;-12;-3292
"General government";"Not consolidated";"Other changes";"2024";15335;;;;170;0;44;126;;126;146;-14;160;108;0;108;14747;14721;3;4185;10533;26;24;2;0;0;;0;0;0;0;0;0;96;96;0;96;;68;0;68;-3966;;;;0;;0;0;;0;-4246;-11;-4235;95;0;95;-23;-23;0;-23;0;;;;0;;;0;0;0;0;0;0;49;49;0;49;;159;10;149;19301
"General government";"Not consolidated";"Other changes";"2025*";28371;;;;0;0;0;0;;0;-123;19;-142;-176;0;-176;28727;28765;-46;8834;19977;-38;-38;0;0;0;;0;0;0;0;0;0;-57;-57;0;-57;;0;0;0;-9061;;;;0;;0;0;;0;-8960;-69;-8891;-19;0;-19;0;0;0;0;0;;;;0;;;0;0;0;0;0;0;-82;-82;0;-82;;0;0;0;37432
"General government";"Not consolidated";"Other changes";"2026 1st quarter*";5529;;;;0;0;0;0;;0;-2;-7;5;26;0;26;5552;5546;-54;254;5346;6;6;0;0;0;;0;0;0;0;0;0;-47;-47;0;-47;;0;0;0;-2331;;;;0;;0;0;;0;-2341;-48;-2293;1;0;1;0;0;0;0;0;;;;0;;;0;0;0;0;0;0;9;9;0;9;;0;0;0;7860
"General government";"Not consolidated";"Other changes";"2026 2nd quarter*";-1296;;;;0;0;0;0;;0;33;-22;55;12;0;12;-1243;-1249;-68;5720;-6901;6;6;0;0;0;;0;0;0;0;0;0;-98;-98;0;-98;;0;0;0;3849;;;;0;;0;0;;0;3857;-100;3957;0;0;0;0;0;0;0;0;;;;0;;;0;0;0;0;0;0;-8;-8;0;-8;;0;0;0;-5145
"General government";"Not consolidated";"Price changes and revaluations";"2015";11082;;;;19;0;0;19;;19;210;0;210;-3;0;-3;10730;10765;-1;10211;555;-35;0;-35;0;0;;0;0;0;0;0;0;126;126;0;126;;0;0;0;-4513;;;;0;;0;0;;0;-4534;128;-4662;48;0;48;1;1;0;1;0;;;;0;;;0;0;0;0;0;0;-28;-28;0;-28;;0;0;0;15595
"General government";"Not consolidated";"Price changes and revaluations";"2016";10867;;;;-10;0;0;-10;;-10;8;0;8;4;0;4;7068;7078;299;2809;3970;-10;0;-10;0;0;;0;0;0;0;0;0;3797;3797;0;3797;;0;0;0;7064;;;;0;;0;0;;0;6974;64;6910;22;0;22;-4;-4;0;-4;0;;;;0;;;0;0;0;0;0;0;70;70;0;70;;2;0;2;3803
"General government";"Not consolidated";"Price changes and revaluations";"2017";4371;;;;-24;0;0;-24;;-24;-30;0;-30;-5;0;-5;5655;5661;543;5800;-682;-6;0;-6;0;0;;0;0;0;0;0;0;-1225;-1225;0;-1225;;0;0;0;-10067;;;;0;;0;0;;0;-9780;-222;-9558;-93;-30;-63;6;6;0;6;0;;;;0;;;0;0;0;0;0;0;-200;-200;0;-200;;0;0;0;14438
"General government";"Not consolidated";"Price changes and revaluations";"2018";832;;;;21;0;0;21;;21;86;11;75;0;0;0;-102;-77;-381;-1673;1977;-25;0;-25;0;0;;0;0;0;0;0;0;827;827;0;827;;0;0;0;-52;;;;0;;0;0;;0;-15;-107;92;-7;-21;14;6;6;0;6;0;;;;0;;;0;0;0;0;0;0;-36;-36;0;-36;;0;0;0;884
"General government";"Not consolidated";"Price changes and revaluations";"2019";11400;;;;0;0;0;0;;0;152;3;149;3;0;3;9267;9259;-627;1186;8700;8;0;8;0;0;;0;0;0;0;0;0;1978;1978;0;1978;;0;0;0;8239;;;;0;;0;0;;0;7951;-436;8387;2;-1;3;-5;-5;0;-5;0;;;;0;;;0;0;0;0;0;0;291;291;0;291;;0;0;0;3161
"General government";"Not consolidated";"Price changes and revaluations";"2020";2649;;;;0;0;0;0;;0;-74;-3;-71;-122;0;-122;1248;1304;44;-6569;7829;-56;0;-56;0;0;;0;0;0;0;0;0;1597;1597;0;1597;;0;0;0;4602;;;;0;;0;0;;0;4501;164;4337;-21;0;-21;12;12;0;12;0;;;;0;;;0;0;0;0;0;0;108;108;0;108;;2;0;2;-1953
"General government";"Not consolidated";"Price changes and revaluations";"2021";1558;;;;0;0;0;0;;0;61;0;61;54;0;54;2316;2277;694;3599;-2016;39;0;39;0;0;;0;0;0;0;0;0;-873;-873;0;-873;;0;0;0;-15623;;;;0;;0;0;;0;-15407;-92;-15315;16;4;12;90;90;0;90;0;;;;0;;;0;0;0;0;0;0;-322;-322;0;-322;;0;0;0;17181
"General government";"Not consolidated";"Price changes and revaluations";"2022";-34561;;;;4;0;4;0;;0;-250;0;-250;45;0;45;-32027;-32038;-188;3241;-35091;11;0;11;0;0;;0;0;0;0;0;0;-2333;-2333;0;-2333;;0;0;0;-78065;;;;0;;0;0;;0;-77286;-448;-76838;7;0;7;-103;-103;0;-103;0;;;;0;;;0;0;0;0;0;0;-683;-683;0;-683;;0;0;0;43504
"General government";"Not consolidated";"Price changes and revaluations";"2023";13069;;;;-4;0;-4;0;;0;42;0;42;-54;0;-54;12888;12851;76;2023;10752;37;0;37;0;0;;0;0;0;0;0;0;197;197;0;197;;0;0;0;16361;;;;0;;0;0;;0;16432;321;16111;-11;0;-11;-38;-38;0;-38;0;;;;0;;;0;0;0;0;0;0;-22;-22;0;-22;;0;0;0;-3292
"General government";"Not consolidated";"Price changes and revaluations";"2024";15004;;;;6;0;6;0;;0;89;-14;103;108;0;108;14705;14679;-46;4192;10533;26;24;2;0;0;;0;0;0;0;0;0;96;96;0;96;;0;0;0;-4217;;;;0;;0;0;;0;-4246;-11;-4235;3;0;3;-23;-23;0;-23;0;;;;0;;;0;0;0;0;0;0;49;49;0;49;;0;0;0;19221
"General government";"Not consolidated";"Price changes and revaluations";"2025*";28371;;;;0;0;0;0;;0;-123;19;-142;-176;0;-176;28727;28765;-46;8834;19977;-38;-38;0;0;0;;0;0;0;0;0;0;-57;-57;0;-57;;0;0;0;-9061;;;;0;;0;0;;0;-8960;-69;-8891;-19;0;-19;0;0;0;0;0;;;;0;;;0;0;0;0;0;0;-82;-82;0;-82;;0;0;0;37432
"General government";"Not consolidated";"Price changes and revaluations";"2026 1st quarter*";5529;;;;0;0;0;0;;0;-2;-7;5;26;0;26;5552;5546;-54;254;5346;6;6;0;0;0;;0;0;0;0;0;0;-47;-47;0;-47;;0;0;0;-2331;;;;0;;0;0;;0;-2341;-48;-2293;1;0;1;0;0;0;0;0;;;;0;;;0;0;0;0;0;0;9;9;0;9;;0;0;0;7860
"General government";"Not consolidated";"Price changes and revaluations";"2026 2nd quarter*";-1296;;;;0;0;0;0;;0;33;-22;55;12;0;12;-1243;-1249;-68;5720;-6901;6;6;0;0;0;;0;0;0;0;0;0;-98;-98;0;-98;;0;0;0;3849;;;;0;;0;0;;0;3857;-100;3957;0;0;0;0;0;0;0;0;;;;0;;;0;0;0;0;0;0;-8;-8;0;-8;;0;0;0;-5145
"General government";"Not consolidated";"Other volume changes";"2015";795;;;;-24;-2;-19;-3;;-3;-147;-96;-51;341;3;338;678;678;0;753;-75;0;0;0;0;0;;0;0;0;0;0;0;0;0;0;0;;-53;0;-53;1132;;;;0;;0;0;;0;55;0;55;1014;1057;-43;0;0;0;0;0;;;;0;;;0;0;0;0;0;0;0;0;0;0;;63;1;62;-337
"General government";"Not consolidated";"Other volume changes";"2016";-4399;;;;-404;0;-414;10;;10;-4;33;-37;-3728;-59;-3669;711;711;0;825;-114;0;0;0;0;0;;0;0;0;0;0;0;0;0;0;0;;-974;0;-974;-2404;;;;0;;0;0;;0;-2383;0;-2383;5;-14;19;-57;-57;0;-57;0;;;;0;;;0;0;0;0;0;0;0;0;0;0;;31;-1;32;-1995
"General government";"Not consolidated";"Other volume changes";"2017";89;;;;72;0;-7;79;;79;173;23;150;-144;-65;-79;0;0;0;0;0;0;0;0;0;0;;0;0;0;0;0;0;0;0;0;0;;-12;0;-12;16;;;;0;;0;0;;0;0;0;0;-120;-77;-43;0;0;0;0;0;;;;0;;;0;0;0;0;0;0;0;0;0;0;;136;6;130;73
"General government";"Not consolidated";"Other volume changes";"2018";-209;;;;48;0;20;28;;28;-16;0;-16;-49;8;-57;-12;14;0;14;0;-26;0;-26;0;0;;0;0;0;0;0;0;0;0;0;0;;-180;0;-180;59;;;;7;;0;7;;7;0;0;0;-7;-44;37;30;30;0;30;0;;;;0;;;0;0;0;0;0;0;0;0;0;0;;29;0;29;-268
"General government";"Not consolidated";"Other volume changes";"2019";-73;;;;-39;0;3;-42;;-42;10;0;10;52;0;52;-13;-13;0;-13;0;0;0;0;0;0;;0;0;0;0;0;0;0;0;0;0;;-83;0;-83;-56;;;;0;;0;0;;0;0;0;0;-15;-2;-13;0;0;0;0;0;;;;0;;;0;0;0;0;0;0;0;0;0;0;;-41;0;-41;-17
"General government";"Not consolidated";"Other volume changes";"2020";-315;;;;-44;0;-34;-10;;-10;-7;-8;1;-100;8;-108;-7;-7;0;-7;0;0;0;0;0;0;;0;0;0;0;0;0;0;0;0;0;;-157;0;-157;-123;;;;0;;0;0;;0;0;0;0;-26;5;-31;0;0;0;0;0;;;;0;;;0;0;0;0;0;0;0;0;0;0;;-97;0;-97;-192
"General government";"Not consolidated";"Other volume changes";"2021";-76;;;;22;0;22;0;;0;-34;-21;-13;-27;0;-27;0;0;0;0;0;0;0;0;0;0;;0;0;0;0;0;0;0;0;0;0;;-37;0;-37;7;;;;0;;0;0;;0;0;0;0;7;22;-15;0;0;0;0;0;;;;0;;;0;0;0;0;0;0;0;0;0;0;;0;0;0;-83
"General government";"Not consolidated";"Other volume changes";"2022";-40;;;;-10;0;-8;-2;;-2;0;0;0;-7;0;-7;17;17;0;17;0;0;0;0;0;0;;0;0;0;0;0;0;0;0;0;0;;-40;-1;-39;-35;;;;0;;0;0;;0;0;0;0;5;0;5;0;0;0;0;0;;;;0;;;0;0;0;0;0;0;0;0;0;0;;-40;-4;-36;-5
"General government";"Not consolidated";"Other volume changes";"2023";-12;;;;0;0;0;0;;0;0;0;0;8;0;8;-5;-5;0;-5;0;0;0;0;0;0;;0;0;0;0;0;0;0;0;0;0;;-15;0;-15;-12;;;;0;;0;0;;0;0;0;0;0;0;0;0;0;0;0;0;;;;0;;;0;0;0;0;0;0;0;0;0;0;;-12;0;-12;0
"General government";"Not consolidated";"Other volume changes";"2024";331;;;;164;0;38;126;;126;57;0;57;0;0;0;42;42;49;-7;0;0;0;0;0;0;;0;0;0;0;0;0;0;0;0;0;;68;0;68;251;;;;0;;0;0;;0;0;0;0;92;0;92;0;0;0;0;0;;;;0;;;0;0;0;0;0;0;0;0;0;0;;159;10;149;80
"General government";"Not consolidated";"Other volume changes";"2025*";0;;;;0;0;0;0;;0;0;0;0;0;0;0;0;0;0;0;0;0;0;0;0;0;;0;0;0;0;0;0;0;0;0;0;;0;0;0;0;;;;0;;0;0;;0;0;0;0;0;0;0;0;0;0;0;0;;;;0;;;0;0;0;0;0;0;0;0;0;0;;0;0;0;0
"General government";"Not consolidated";"Other volume changes";"2026 1st quarter*";0;;;;0;0;0;0;;0;0;0;0;0;0;0;0;0;0;0;0;0;0;0;0;0;;0;0;0;0;0;0;0;0;0;0;;0;0;0;0;;;;0;;0;0;;0;0;0;0;0;0;0;0;0;0;0;0;;;;0;;;0;0;0;0;0;0;0;0;0;0;;0;0;0;0
"General government";"Not consolidated";"Other volume changes";"2026 2nd quarter*";0;;;;0;0;0;0;;0;0;0;0;0;0;0;0;0;0;0;0;0;0;0;0;0;;0;0;0;0;0;0;0;0;0;0;;0;0;0;0;;;;0;;0;0;;0;0;0;0;0;0;0;0;0;0;0;0;;;;0;;;0;0;0;0;0;0;0;0;0;0;;0;0;0;0
"General government";"Not consolidated";"Closing balance sheet";"2015";347220;;;;38405;23;32496;5886;;5886;11571;248;11323;100462;36984;63478;98951;98057;17;62988;35052;894;115;779;0;0;;0;0;0;0;0;0;18724;18724;0;18724;;79107;2184;76923;656285;;;;27745;;24847;2898;;2898;405533;14061;391472;143038;63309;79729;647;647;0;647;0;;;;0;;;0;0;0;0;0;0;1008;1008;0;1008;;78314;7530;70784;-309065
"General government";"Not consolidated";"Closing balance sheet";"2016";350433;;;;42776;21;37258;5497;;5497;11034;993;10041;92425;33889;58536;103663;102633;2186;61511;38936;1030;260;770;0;0;;0;0;0;0;0;0;16381;16381;0;16381;;84154;2193;81961;655009;;;;33198;;31317;1881;;1881;406373;16641;389732;137169;57893;79276;608;608;0;608;0;;;;0;;;0;0;0;0;0;0;1078;1078;0;1078;;76583;7732;68851;-304576
"General government";"Not consolidated";"Closing balance sheet";"2017";350954;;;;48023;17;42497;5509;;5509;9843;745;9098;93221;32294;60927;103649;102834;1634;62927;38273;815;249;566;0;0;;0;0;0;0;0;0;12248;12248;0;12248;;83970;2125;81845;630673;;;;34275;;32488;1787;;1787;387098;16987;370111;129067;52142;76925;656;656;0;656;0;;;;0;;;0;0;0;0;0;0;878;878;0;878;;78699;7684;71015;-279719
"General government";"Not consolidated";"Closing balance sheet";"2018";353431;;;;50928;14;45625;5289;;5289;11013;1973;9040;93493;29689;63804;103338;103030;1266;61484;40280;308;16;292;0;0;;0;0;0;0;0;0;8608;8608;0;8608;;86051;2152;83899;620580;;;;37580;;35813;1767;;1767;378150;21997;356153;122210;45017;77193;728;728;0;728;0;;;;0;;;0;0;0;0;0;0;842;842;0;842;;81070;8012;73058;-267149
"General government";"Not consolidated";"Closing balance sheet";"2019";372696;;;;57737;14;53118;4605;;4605;9854;2258;7596;92258;26456;65802;113300;112932;1700;62220;49012;368;3;365;0;0;;0;0;0;0;0;0;9870;9870;0;9870;;89677;2143;87534;621070;;;;43882;;42142;1740;;1740;373407;17081;356326;121706;42816;78890;843;843;0;843;0;;;;0;;;0;0;0;0;0;0;1133;1133;0;1133;;80099;8280;71819;-248374
"General government";"Not consolidated";"Closing balance sheet";"2020";408953;;;;69523;11;66904;2608;;2608;9410;1804;7606;94920;25275;69645;109964;109630;959;51842;56829;334;0;334;0;0;;0;0;0;0;0;0;6413;6413;0;6413;;118723;2098;116625;689689;;;;49878;;48166;1712;;1712;424850;35984;388866;115784;35540;80244;923;923;0;923;0;;;;0;;;0;0;0;0;0;0;1241;1241;0;1241;;97013;9313;87700;-280736
"General government";"Not consolidated";"Closing balance sheet";"2021";432822;;;;76346;13;73898;2435;;2435;10379;3295;7084;94966;22746;72220;112941;112531;1219;56569;54743;410;0;410;0;0;;0;0;0;0;0;0;3245;3245;0;3245;;134945;2102;132843;716689;;;;62985;;61259;1726;;1726;430998;26171;404827;111198;29281;81917;1321;1321;0;1321;0;;;;0;;;0;0;0;0;0;0;919;919;0;919;;109268;10024;99244;-283867
"General government";"Not consolidated";"Closing balance sheet";"2022";435532;;;;92396;10;86363;6023;;6023;12084;5420;6664;101330;26174;75156;82303;81012;1213;60149;19650;1291;837;454;0;0;;0;0;0;0;0;0;32;32;0;32;;147387;2404;144983;675925;;;;70841;;65518;5323;;5323;383923;47820;336103;108230;24966;83264;1773;1773;0;1773;0;;;;0;;;0;0;0;0;0;0;236;236;0;236;;110922;10966;99956;-240393
"General government";"Not consolidated";"Closing balance sheet";"2023";431889;;;;95307;7;86898;8402;;8402;10285;3811;6474;84104;5299;78805;95423;94167;757;63006;30404;1256;731;525;0;0;;0;0;0;0;0;0;144;144;0;144;;146626;2722;143904;679205;;;;76664;;72450;4214;;4214;393394;32790;360604;94556;10451;84105;2357;2357;0;2357;0;;;;0;;;0;0;0;0;0;0;214;214;0;214;;112020;11872;100148;-247316
"General government";"Not consolidated";"Closing balance sheet";"2024";477017;;;;112061;8;102677;9376;;9376;12048;5742;6306;99796;3922;95874;109437;108217;460;66671;41086;1220;615;605;0;0;;0;0;0;0;0;0;196;196;0;196;;143479;2530;140949;713107;;;;96764;;93770;2994;;2994;397013;43301;353712;94300;7569;86731;3104;3104;0;3104;0;;;;0;;;0;0;0;0;0;0;263;263;0;263;;121663;12196;109467;-236090
"General government";"Not consolidated";"Closing balance sheet";"2025*";539555;;;;131709;9;116475;15225;;15225;9789;3759;6030;113374;3918;109456;137867;136171;542;74564;61065;1696;1060;636;0;0;;0;0;0;0;0;0;159;159;0;159;;146657;2574;144083;757152;;;;110070;;106932;3138;;3138;408543;44775;363768;106476;18262;88214;3604;3604;0;3604;0;;;;0;;;0;0;0;0;0;0;181;181;0;181;;128278;13264;115014;-217597
"General government";"Not consolidated";"Closing balance sheet";"2026 1st quarter*";550178;;;;131805;9;121812;9984;;9984;10559;4529;6030;119291;9946;109345;143128;141307;469;74429;66409;1821;1177;644;0;0;;0;0;0;0;0;0;92;92;0;92;;145303;2522;142781;762852;;;;113971;;110493;3478;;3478;403814;40636;363178;106262;18596;87666;3604;3604;0;3604;0;;;;0;;;0;0;0;0;0;0;190;190;0;190;;135011;13172;121839;-212674
"General government";"Not consolidated";"Closing balance sheet";"2026 2nd quarter*";550908;;;;144584;9;129411;15164;;15164;11229;5142;6087;114899;5192;109707;140815;139059;410;79140;59509;1756;1104;652;0;0;;0;0;0;0;0;0;-91;-91;0;-91;;139472;2604;136868;773796;;;;124862;;120497;4365;;4365;420680;39679;381001;95912;7971;87941;3604;3604;0;3604;0;;;;0;;;0;0;0;0;0;0;182;182;0;182;;128556;13444;115112;-222888
"Households including NPISHs";"Not consolidated";"Opening balance sheet";"2015";2356326;;;;407953;11498;59642;336813;336780;33;9682;32;9650;10075;380;9695;474018;395916;34713;321178;40025;78102;161;77941;1396566;8871;144665;1242950;1240626;2324;0;2324;80;1067;546;16;530;521;56965;14640;42325;857509;;;;;;;;;;0;0;0;819323;45636;773687;;;;;;;;;0;;;0;0;0;0;0;;1233;1233;20;1213;;36953;13216;23737;1498817
"Households including NPISHs";"Not consolidated";"Opening balance sheet";"2016";2467984;;;;412837;10500;61130;341207;341177;30;8051;41;8010;10189;503;9686;491561;404114;34255;329726;40133;87447;240;87207;1486819;8500;143259;1334976;1332230;2746;0;2746;84;1033;563;9;554;470;57494;15694;41800;871073;;;;;;;;;;0;0;0;832945;45754;787191;;;;;;;;;0;;;0;0;0;0;0;;1077;1077;21;1056;;37051;14082;22969;1596911
"Households including NPISHs";"Not consolidated";"Opening balance sheet";"2017";2647629;;;;422672;9679;65810;347183;347183;0;7527;41;7486;9876;100;9776;530994;440516;36994;362081;41441;90478;270;90208;1623591;7465;143867;1472172;1468191;3981;0;3981;87;981;478;9;469;503;51988;15413;36575;884428;;;;;;;;;;2;0;2;848994;45002;803992;;;;;;;;;0;;;0;0;0;0;0;;1001;1001;24;977;;34431;13739;20692;1763201
"Households including NPISHs";"Not consolidated";"Opening balance sheet";"2018";2651207;;;;429407;9056;69857;350494;350494;0;7271;27;7244;10070;95;9975;547027;451642;42167;364756;44719;95385;264;95121;1605806;6702;134538;1464474;1461001;3473;0;3473;92;513;35;11;24;478;51113;16000;35113;903910;;;;;;;;;;4;0;4;869087;45391;823696;;;;;;;;;0;;;0;0;0;0;0;;380;380;20;360;;34439;14036;20403;1747297
"Households including NPISHs";"Not consolidated";"Opening balance sheet";"2019";2701635;;;;437818;8735;72505;356578;356578;0;7009;27;6982;10582;341;10241;548719;462443;39093;375871;47479;86276;377;85899;1646971;6878;122301;1517701;1513120;4581;0;4581;91;507;28;10;18;479;50029;16453;33576;922631;;;;;;;;;;6;0;6;889357;45498;843859;;;;;;;;;0;;;0;0;0;0;0;;195;195;21;174;;33073;13852;19221;1779004
"Households including NPISHs";"Not consolidated";"Opening balance sheet";"2020";3013055;;;;461623;9268;83018;369337;369337;0;7152;9;7143;10728;73;10655;581623;484525;47575;384815;52135;97098;263;96835;1904584;6852;134580;1763054;1757412;5642;0;5642;98;494;20;11;9;474;46851;17512;29339;943970;;;;;;;;;;8;0;8;909852;46126;863726;;;;;;;;;0;;;0;0;0;0;0;;223;223;27;196;;33887;14421;19466;2069085
"Households including NPISHs";"Not consolidated";"Opening balance sheet";"2021";3298983;;;;506007;10714;101737;393556;393556;0;7166;5;7161;11223;230;10993;618865;521122;52552;411797;56773;97743;244;97499;2109457;7112;130440;1971813;1969701;2112;0;2112;92;411;22;14;8;389;45854;15903;29951;968394;;;;;;;;;;10;0;10;937237;47403;889834;;;;;;;;;0;;;0;0;0;0;0;;66;66;24;42;;31081;13013;18068;2330589
"Households including NPISHs";"Not consolidated";"Opening balance sheet";"2022";3318148;;;;541854;12970;120213;408671;408671;0;6702;47;6655;11764;433;11331;704163;586474;64589;461191;60694;117689;245;117444;2004846;7361;122077;1875312;1872316;2996;0;2996;96;474;24;17;7;450;48345;17890;30455;1003533;;;;;;;;;;10;0;10;972453;44503;927950;;;;;;;;;0;;;0;0;0;0;0;;34;34;21;13;;31036;15044;15992;2314615
"Households including NPISHs";"Not consolidated";"Opening balance sheet";"2023";2947275;;;;576698;14645;129717;432336;432336;0;6415;145;6270;12407;596;11811;708568;609810;53822;491769;64219;98758;145;98613;1592042;7806;99912;1484208;1484208;0;0;0;116;540;23;14;9;517;50605;20439;30166;1046456;;;;;;;;;;10;0;10;1009411;45483;963928;;;;;;;;;0;;;0;0;0;0;0;;28;28;22;6;;37007;16682;20325;1900819
"Households including NPISHs";"Not consolidated";"Opening balance sheet";"2024";3157246;;;;600118;16811;118691;464616;464616;0;7329;813;6516;12892;840;12052;749150;641886;59062;515753;67071;107264;485;106779;1733350;9272;101055;1622872;1622872;0;0;0;151;611;23;15;8;588;53796;21127;32669;1058932;;;;;;;;;;10;0;10;1016443;47310;969133;;;;;;;;;0;;;0;0;0;0;0;;36;36;30;6;;42443;16522;25921;2098314
"Households including NPISHs";"Not consolidated";"Opening balance sheet";"2025*";3363908;;;;634096;20208;116998;496890;496890;0;7692;750;6942;13159;724;12435;805732;681629;65231;545085;71313;124103;1004;123099;1840411;9146;101169;1729905;1729905;0;0;0;191;681;24;17;7;657;62137;22402;39735;1096858;;;;;;;;;;10;0;10;1056255;49382;1006873;;;;;;;;;0;;;0;0;0;0;0;;45;45;38;7;;40548;17017;23531;2267050
"Households including NPISHs";"Not consolidated";"Opening balance sheet";"2026 1st quarter*";3285678;;;;678041;24668;117295;536078;536078;0;7639;491;7148;13509;686;12823;867385;733346;70784;588541;74021;134039;1184;132855;1654738;9664;97171;1547692;1547692;0;0;0;211;676;28;20;8;648;63690;23183;40507;1146529;;;;;;;;;;10;0;10;1105398;52100;1053298;;;;;;;;;0;;;0;0;0;0;0;;45;45;39;6;;41076;17561;23515;2139149
"Households including NPISHs";"Not consolidated";"Opening balance sheet";"2026 2nd quarter*";3455043;;;;685169;25657;114908;544604;544604;0;8702;1246;7456;13673;760;12913;879944;743518;71493;597238;74787;136426;1458;134968;1799168;10239;95518;1693195;1693195;0;0;0;216;692;27;19;8;665;67695;23162;44533;1157679;;;;;;;;;;10;0;10;1117977;52912;1065065;;;;;;;;;0;;;0;0;0;0;0;;51;51;45;6;;39641;18174;21467;2297364
"Households including NPISHs";"Not consolidated";"Financial transactions";"2015";32516;;;;4728;-999;1340;4387;4390;-3;-1586;8;-1594;112;123;-11;7799;1665;-1638;3240;63;6134;81;6053;20870;338;-6008;26536;26114;422;0;422;4;91;107;-5;112;-16;502;1054;-552;14509;;;;;;;;;;0;0;0;14382;394;13988;;;;;;;;;0;;;0;0;0;0;0;;-9;-9;-9;;;136;866;-730;18007
"Households including NPISHs";"Not consolidated";"Financial transactions";"2016";33904;;;;9524;-821;3679;6666;6696;-30;-636;-1;-635;-310;-403;93;11034;13255;-349;13279;325;-2221;28;-2249;19876;-1035;-7081;27989;26754;1235;0;1235;3;1;-14;1;-15;15;-5585;-281;-5304;13521;;;;;;;;;;2;0;2;16148;-447;16595;;;;;;;;;0;;;0;0;0;0;0;;-12;-12;-12;;;-2617;-343;-2274;20383
"Households including NPISHs";"Not consolidated";"Financial transactions";"2017";27221;;;;7113;-623;4156;3580;3580;0;-544;-15;-529;195;-5;200;3007;2692;135;1071;1486;315;0;315;18245;-763;-7600;26603;27111;-508;0;-508;5;80;95;-1;96;-15;-875;587;-1462;20626;;;;;;;;;;2;0;2;20612;620;19992;;;;;;;;;0;;;0;0;0;0;0;;-15;-15;-15;;;27;297;-270;6595
"Households including NPISHs";"Not consolidated";"Financial transactions";"2018";25623;;;;8343;-321;2613;6051;6051;0;-2;0;-2;510;246;264;-692;-1460;2853;-6463;2150;768;111;657;18164;176;-7058;25047;23939;1108;0;1108;-1;231;239;4;235;-8;-931;453;-1384;18805;;;;;;;;;;2;0;2;19990;208;19782;;;;;;;;;0;;;0;0;0;0;0;;-13;-13;-13;;;-1174;-184;-990;6818
"Households including NPISHs";"Not consolidated";"Financial transactions";"2019";35036;;;;23726;533;10493;12700;12700;0;-212;-18;-194;146;-268;414;-9352;-7411;-1323;-7811;1723;-1941;-110;-1831;23883;-26;-6396;30298;29237;1061;0;1061;7;22;8;2;6;14;-3177;1059;-4236;21587;;;;;;;;;;2;0;2;20743;804;19939;;;;;;;;;0;;;0;0;0;0;0;;-14;-14;-14;;;856;569;287;13449
"Households including NPISHs";"Not consolidated";"Financial transactions";"2020";66728;;;;44621;1446;18806;24369;24369;0;145;2;143;495;157;338;342;3947;4220;-521;248;-3605;-7;-3598;22015;260;-4853;26614;30144;-3530;0;-3530;-6;118;117;5;112;1;-1008;-1609;601;24964;;;;;;;;;;2;0;2;27638;1469;26169;;;;;;;;;0;;;0;0;0;0;0;;0;0;0;;;-2676;-1408;-1268;41764
"Households including NPISHs";"Not consolidated";"Financial transactions";"2021";72620;;;;35609;2256;18352;15001;15001;0;-349;39;-388;541;203;338;16331;11491;-596;12061;26;4840;5;4835;17898;249;-6151;23796;22912;884;0;884;4;79;31;-4;35;48;2511;1987;524;35257;;;;;;;;;;0;0;0;35299;-2824;38123;;;;;;;;;0;;;0;0;0;0;0;;-9;-9;-9;;;-33;2031;-2064;37363
"Households including NPISHs";"Not consolidated";"Financial transactions";"2022";57952;;;;34471;1675;9405;23391;23391;0;574;132;442;643;163;480;-3922;-2170;-210;-4908;2948;-1752;-107;-1645;23871;445;-4070;27476;30472;-2996;0;-2996;20;77;1;1;0;76;2238;2549;-311;43059;;;;;;;;;;0;0;0;37065;1104;35961;;;;;;;;;0;;;0;0;0;0;0;;6;6;6;;;5988;1638;4350;14893
"Households including NPISHs";"Not consolidated";"Financial transactions";"2023";36351;;;;23608;2166;-11001;32443;32443;0;1251;762;489;23;-218;241;-16156;-15529;-1558;-14774;803;-627;-262;-365;24360;1466;-4103;26962;26962;0;0;0;35;81;3;3;0;78;3184;688;2496;12570;;;;;;;;;;0;0;0;7114;1920;5194;;;;;;;;;0;;;0;0;0;0;0;;14;14;14;;;5442;-160;5602;23781
"Households including NPISHs";"Not consolidated";"Financial transactions";"2024";68690;;;;33847;3397;-1757;32207;32207;0;200;57;143;267;-116;383;-788;-4195;-198;-5487;1490;3407;505;2902;26855;-126;-4585;31526;31526;0;0;0;40;4;1;0;1;3;8305;1275;7030;38044;;;;;;;;;;0;0;0;39926;2166;37760;;;;;;;;;0;;;0;0;0;0;0;;13;13;13;;;-1895;495;-2390;30646
"Households including NPISHs";"Not consolidated";"Financial transactions";"2025*";85844;;;;44225;4460;472;39293;39293;0;-21;-232;211;350;-38;388;9336;5166;-2557;7528;195;4170;221;3949;30374;518;-4396;34232;34232;0;0;0;20;-7;-8;0;-8;1;1587;781;806;49826;;;;;;;;;;0;0;0;49285;2811;46474;;;;;;;;;0;;;0;0;0;0;0;;13;13;13;;;528;544;-16;36018
"Households including NPISHs";"Not consolidated";"Financial transactions";"2026 1st quarter*";136695;;;;7080;989;-2421;8512;8512;0;1171;748;423;164;74;90;1516;-2853;-246;-2775;168;4369;266;4103;122773;575;-830;123023;123023;0;0;0;5;-5;-3;-3;0;-2;3996;-21;4017;11160;;;;;;;;;;0;0;0;12594;827;11767;;;;;;;;;0;;;0;0;0;0;0;;1;1;1;;;-1435;613;-2048;125535
"Households including NPISHs";"Not consolidated";"Financial transactions";"2026 2nd quarter*";40695;;;;20701;1541;6110;13050;13050;0;308;115;193;-29;-124;95;9953;6015;-3406;8615;806;3938;-39;3977;11876;-35;-1308;13214;13214;0;0;0;5;-4;-2;-2;0;-2;-2110;547;-2657;16415;;;;;;;;;;0;0;0;13514;851;12663;;;;;;;;;0;;;0;0;0;0;0;;8;8;8;;;2893;247;2646;24280
"Households including NPISHs";"Not consolidated";"Other changes";"2015";79142;;;;156;1;148;7;7;0;-45;1;-46;2;0;2;9744;6533;1180;5308;45;3211;-2;3213;69383;-709;4602;65490;65490;0;0;0;0;-125;-90;-2;-88;-35;27;0;27;-945;;;;;;;;;;0;0;0;-760;-276;-484;;;;;;;;;0;;;0;0;0;0;0;;-147;-147;10;-157;;-38;0;-38;80087
"Households including NPISHs";"Not consolidated";"Other changes";"2016";145741;;;;311;0;1001;-690;-690;0;112;1;111;-3;0;-3;28399;23147;3088;19076;983;5252;2;5250;116896;0;7689;109207;109207;0;0;0;0;-53;-71;-1;-70;18;79;0;79;-166;;;;;;;;;;0;0;0;-99;-305;206;;;;;;;;;0;;;0;0;0;0;0;;-64;-64;15;-79;;-3;0;-3;145907
"Households including NPISHs";"Not consolidated";"Other changes";"2017";-23643;;;;-378;0;-109;-269;-269;0;288;1;287;-1;0;-1;13026;8434;5038;1604;1792;4592;-6;4598;-36030;0;-1729;-34301;-34301;0;0;0;0;-548;-538;3;-541;-10;0;0;0;-1144;;;;;;;;;;0;0;0;-519;-231;-288;;;;;;;;;0;;;0;0;0;0;0;;-606;-606;11;-617;;-19;0;-19;-22499
"Households including NPISHs";"Not consolidated";"Other changes";"2018";24805;;;;68;0;35;33;33;0;-260;0;-260;2;0;2;2384;12261;-5927;17578;610;-9877;2;-9879;23001;0;-5179;28180;28180;0;0;0;0;-237;-246;-5;-241;9;-153;0;-153;-84;;;;;;;;;;0;0;0;280;-101;381;;;;;;;;;0;;;0;0;0;0;0;;-172;-172;14;-186;;-192;0;-192;24889
"Households including NPISHs";"Not consolidated";"Other changes";"2019";276384;;;;79;0;20;59;59;0;355;0;355;0;0;0;42256;29493;9805;16755;2933;12763;-4;12767;233730;0;18675;215055;215055;0;0;0;0;-35;-16;-1;-15;-19;-1;0;-1;-248;;;;;;;;;;0;0;0;-248;-176;-72;;;;;;;;;0;;;0;0;0;0;0;;42;42;20;22;;-42;0;-42;276632
"Households including NPISHs";"Not consolidated";"Other changes";"2020";219200;;;;-237;0;-87;-150;-150;0;-131;-6;-125;0;0;0;36900;32650;757;27503;4390;4250;-12;4262;182858;0;713;182145;182145;0;0;0;0;-201;-115;-2;-113;-86;11;0;11;-540;;;;;;;;;;0;0;0;-253;-192;-61;;;;;;;;;0;;;0;0;0;0;0;;-157;-157;-3;-154;;-130;0;-130;219740
"Households including NPISHs";"Not consolidated";"Other changes";"2021";-53455;;;;238;0;124;114;114;0;-115;3;-118;0;0;0;68967;53861;12633;37333;3895;15106;-4;15110;-122509;0;-2212;-120297;-120297;0;0;0;0;-16;-29;7;-36;13;-20;0;-20;-118;;;;;;;;;;0;0;0;-83;-76;-7;;;;;;;;;0;;;0;0;0;0;0;;-23;-23;6;-29;;-12;0;-12;-53337
"Households including NPISHs";"Not consolidated";"Other changes";"2022";-428825;;;;373;0;99;274;274;0;-861;-34;-827;0;0;0;8327;25506;-10557;35486;577;-17179;7;-17186;-436675;0;-18095;-418580;-418580;0;0;0;0;-11;-2;-4;2;-9;22;0;22;-136;;;;;;;;;;0;0;0;-107;-124;17;;;;;;;;;0;;;0;0;0;0;0;;-12;-12;-5;-7;;-17;0;-17;-428689
"Households including NPISHs";"Not consolidated";"Other changes";"2023";173620;;;;-188;0;-25;-163;-163;0;-337;-94;-243;462;462;0;56738;47605;6798;38758;2049;9133;602;8531;116948;0;5246;111702;111702;0;0;0;0;-10;-3;-2;-1;-7;7;0;7;-94;;;;;;;;;;0;0;0;-82;-93;11;;;;;;;;;0;;;0;0;0;0;0;;-6;-6;-6;0;;-6;0;-6;173714
"Households including NPISHs";"Not consolidated";"Other changes";"2024";137972;;;;131;0;64;67;67;0;163;-120;283;0;0;0;57370;43938;6367;34819;2752;13432;14;13418;80206;0;4699;75507;75507;0;0;0;0;66;0;2;-2;66;36;0;36;-118;;;;;;;;;;0;0;0;-114;-94;-20;;;;;;;;;0;;;0;0;0;0;0;;-4;-4;-5;1;;0;0;0;138090
"Households including NPISHs";"Not consolidated";"Other changes";"2025*";-164074;;;;-280;0;-175;-105;-105;0;-32;-27;-5;0;0;0;52317;46551;8110;35928;2513;5766;-41;5807;-216047;0;398;-216445;-216445;0;0;0;0;2;12;3;9;-10;-34;0;-34;-155;;;;;;;;;;0;0;0;-142;-93;-49;;;;;;;;;0;;;0;0;0;0;0;;-13;-13;-12;-1;;0;0;0;-163919
"Households including NPISHs";"Not consolidated";"Other changes";"2026 1st quarter*";32670;;;;48;0;34;14;14;0;-108;7;-115;0;0;0;11043;13025;955;11472;598;-1982;8;-1990;21657;0;-823;22480;22480;0;0;0;0;21;2;2;0;19;9;0;9;-10;;;;;;;;;;0;0;0;-15;-15;0;;;;;;;;;0;;;0;0;0;0;0;;5;5;5;0;;0;0;0;32680
"Households including NPISHs";"Not consolidated";"Other changes";"2026 2nd quarter*";78899;;;;26;0;16;10;10;0;-10;11;-21;0;0;0;32181;17750;8801;7642;1307;14431;9;14422;46628;0;3662;42966;42966;0;0;0;0;28;9;9;0;19;46;0;46;-11;;;;;;;;;;0;0;0;-30;-23;-7;;;;;;;;;0;;;0;0;0;0;0;;19;19;18;1;;0;0;0;78910
"Households including NPISHs";"Not consolidated";"Price changes and revaluations";"2015";76332;;;;155;0;148;7;7;0;-45;1;-46;4;0;4;9744;6533;1180;5308;45;3211;-2;3213;66591;-709;3960;63340;63340;0;0;0;0;-125;-90;-2;-88;-35;8;0;8;-101;;;;;;;;;;0;0;0;46;22;24;;;;;;;;;0;;;0;0;0;0;0;;-147;-147;10;-157;;0;0;0;76433
"Households including NPISHs";"Not consolidated";"Price changes and revaluations";"2016";141022;;;;62;0;1;61;61;0;112;1;111;0;0;0;28399;23147;3088;19076;983;5252;2;5250;112502;0;7689;104813;104813;0;0;0;0;-53;-71;-1;-70;18;0;0;0;-53;;;;;;;;;;0;0;0;11;3;8;;;;;;;;;0;;;0;0;0;0;0;;-64;-64;15;-79;;0;0;0;141075
"Households including NPISHs";"Not consolidated";"Price changes and revaluations";"2017";-25486;;;;-378;0;-109;-269;-269;0;288;1;287;0;0;0;13026;8434;5038;1604;1792;4592;-6;4598;-37874;0;-1729;-36145;-36145;0;0;0;0;-548;-538;3;-541;-10;0;0;0;-681;;;;;;;;;;0;0;0;-75;-20;-55;;;;;;;;;0;;;0;0;0;0;0;;-606;-606;11;-617;;0;0;0;-24805
"Households including NPISHs";"Not consolidated";"Price changes and revaluations";"2018";35657;;;;68;0;35;33;33;0;-260;0;-260;0;0;0;7152;12261;-5927;17578;610;-5109;2;-5111;28950;0;-5179;34129;34129;0;0;0;0;-237;-246;-5;-241;9;-16;0;-16;-129;;;;;;;;;;0;0;0;43;22;21;;;;;;;;;0;;;0;0;0;0;0;;-172;-172;14;-186;;0;0;0;35786
"Households including NPISHs";"Not consolidated";"Price changes and revaluations";"2019";279580;;;;79;0;20;59;59;0;355;0;355;0;0;0;42256;29493;9805;16755;2933;12763;-4;12767;236925;0;18675;218250;218250;0;0;0;0;-35;-16;-1;-15;-19;0;0;0;79;;;;;;;;;;0;0;0;37;20;17;;;;;;;;;0;;;0;0;0;0;0;;42;42;20;22;;0;0;0;279501
"Households including NPISHs";"Not consolidated";"Price changes and revaluations";"2020";253541;;;;-237;0;-87;-150;-150;0;-131;-6;-125;0;0;0;36853;32650;757;27503;4390;4203;-12;4215;217258;0;713;216545;216545;0;0;0;0;-201;-115;-2;-113;-86;-1;0;-1;-172;;;;;;;;;;0;0;0;-15;-2;-13;;;;;;;;;0;;;0;0;0;0;0;;-157;-157;-3;-154;;0;0;0;253713
"Households including NPISHs";"Not consolidated";"Price changes and revaluations";"2021";-53455;;;;238;0;124;114;114;0;-115;3;-118;0;0;0;68967;53856;12633;37333;3890;15111;1;15110;-122509;0;-2212;-120297;-120297;0;0;0;0;-16;-29;7;-36;13;-20;0;-20;5;;;;;;;;;;0;0;0;28;8;20;;;;;;;;;0;;;0;0;0;0;0;;-23;-23;6;-29;;0;0;0;-53460
"Households including NPISHs";"Not consolidated";"Price changes and revaluations";"2022";-440653;;;;373;0;99;274;274;0;-865;-14;-851;0;0;0;8003;25166;-10897;35486;577;-17163;23;-17186;-448175;0;-18095;-430080;-430080;0;0;0;0;-11;-2;-4;2;-9;22;0;22;-2;;;;;;;;;;0;0;0;10;0;10;;;;;;;;;0;;;0;0;0;0;0;;-12;-12;-5;-7;;0;0;0;-440651
"Households including NPISHs";"Not consolidated";"Price changes and revaluations";"2023";175110;;;;-188;0;-25;-163;-163;0;-30;-22;-8;462;462;0;57920;47480;6673;38758;2049;10440;4;10436;116948;0;5246;111702;111702;0;0;0;0;-10;-3;-2;-1;-7;8;0;8;7;;;;;;;;;;0;0;0;14;-4;18;;;;;;;;;0;;;0;0;0;0;0;;-6;-6;-6;0;;-1;0;-1;175103
"Households including NPISHs";"Not consolidated";"Price changes and revaluations";"2024";138383;;;;131;0;64;67;67;0;445;10;435;0;0;0;57506;43722;6151;34819;2752;13784;18;13766;80206;0;4699;75507;75507;0;0;0;0;66;0;2;-2;66;29;0;29;-1;;;;;;;;;;0;0;0;3;4;-1;;;;;;;;;0;;;0;0;0;0;0;;-4;-4;-5;1;;0;0;0;138384
"Households including NPISHs";"Not consolidated";"Price changes and revaluations";"2025*";-163885;;;;-280;0;-175;-105;-105;0;153;17;136;0;0;0;52321;46386;8302;35571;2513;5935;1;5934;-216047;0;398;-216445;-216445;0;0;0;0;2;12;3;9;-10;-34;0;-34;-28;;;;;;;;;;0;0;0;-15;-13;-2;;;;;;;;;0;;;0;0;0;0;0;;-13;-13;-12;-1;;0;0;0;-163857
"Households including NPISHs";"Not consolidated";"Price changes and revaluations";"2026 1st quarter*";32810;;;;48;0;34;14;14;0;-70;7;-77;0;0;0;11145;13049;979;11472;598;-1904;9;-1913;21657;0;-823;22480;22480;0;0;0;0;21;2;2;0;19;9;0;9;12;;;;;;;;;;0;0;0;7;4;3;;;;;;;;;0;;;0;0;0;0;0;;5;5;5;0;;0;0;0;32798
"Households including NPISHs";"Not consolidated";"Price changes and revaluations";"2026 2nd quarter*";78861;;;;26;0;16;10;10;0;-31;11;-42;0;0;0;32164;17675;8726;7642;1307;14489;5;14484;46628;0;3662;42966;42966;0;0;0;0;28;9;9;0;19;46;0;46;20;;;;;;;;;;0;0;0;1;2;-1;;;;;;;;;0;;;0;0;0;0;0;;19;19;18;1;;0;0;0;78841
"Households including NPISHs";"Not consolidated";"Other volume changes";"2015";2810;;;;1;1;0;0;0;0;0;0;0;-2;0;-2;0;0;0;0;0;0;0;0;2792;0;642;2150;2150;0;0;0;0;0;0;0;0;0;19;0;19;-844;;;;;;;;;;0;0;0;-806;-298;-508;;;;;;;;;0;;;0;0;0;0;0;;0;0;0;0;;-38;0;-38;3654
"Households including NPISHs";"Not consolidated";"Other volume changes";"2016";4719;;;;249;0;1000;-751;-751;0;0;0;0;-3;0;-3;0;0;0;0;0;0;0;0;4394;0;0;4394;4394;0;0;0;0;0;0;0;0;0;79;0;79;-113;;;;;;;;;;0;0;0;-110;-308;198;;;;;;;;;0;;;0;0;0;0;0;;0;0;0;0;;-3;0;-3;4832
"Households including NPISHs";"Not consolidated";"Other volume changes";"2017";1843;;;;0;0;0;0;0;0;0;0;0;-1;0;-1;0;0;0;0;0;0;0;0;1844;0;0;1844;1844;0;0;0;0;0;0;0;0;0;0;0;0;-463;;;;;;;;;;0;0;0;-444;-211;-233;;;;;;;;;0;;;0;0;0;0;0;;0;0;0;0;;-19;0;-19;2306
"Households including NPISHs";"Not consolidated";"Other volume changes";"2018";-10852;;;;0;0;0;0;0;0;0;0;0;2;0;2;-4768;0;0;0;0;-4768;0;-4768;-5949;0;0;-5949;-5949;0;0;0;0;0;0;0;0;0;-137;0;-137;45;;;;;;;;;;0;0;0;237;-123;360;;;;;;;;;0;;;0;0;0;0;0;;0;0;0;0;;-192;0;-192;-10897
"Households including NPISHs";"Not consolidated";"Other volume changes";"2019";-3196;;;;0;0;0;0;0;0;0;0;0;0;0;0;0;0;0;0;0;0;0;0;-3195;0;0;-3195;-3195;0;0;0;0;0;0;0;0;0;-1;0;-1;-327;;;;;;;;;;0;0;0;-285;-196;-89;;;;;;;;;0;;;0;0;0;0;0;;0;0;0;0;;-42;0;-42;-2869
"Households including NPISHs";"Not consolidated";"Other volume changes";"2020";-34341;;;;0;0;0;0;0;0;0;0;0;0;0;0;47;0;0;0;0;47;0;47;-34400;0;0;-34400;-34400;0;0;0;0;0;0;0;0;0;12;0;12;-368;;;;;;;;;;0;0;0;-238;-190;-48;;;;;;;;;0;;;0;0;0;0;0;;0;0;0;0;;-130;0;-130;-33973
"Households including NPISHs";"Not consolidated";"Other volume changes";"2021";0;;;;0;0;0;0;0;0;0;0;0;0;0;0;0;5;0;0;5;-5;-5;0;0;0;0;0;0;0;0;0;0;0;0;0;0;0;0;0;0;-123;;;;;;;;;;0;0;0;-111;-84;-27;;;;;;;;;0;;;0;0;0;0;0;;0;0;0;0;;-12;0;-12;123
"Households including NPISHs";"Not consolidated";"Other volume changes";"2022";11828;;;;0;0;0;0;0;0;4;-20;24;0;0;0;324;340;340;0;0;-16;-16;0;11500;0;0;11500;11500;0;0;0;0;0;0;0;0;0;0;0;0;-134;;;;;;;;;;0;0;0;-117;-124;7;;;;;;;;;0;;;0;0;0;0;0;;0;0;0;0;;-17;0;-17;11962
"Households including NPISHs";"Not consolidated";"Other volume changes";"2023";-1490;;;;0;0;0;0;0;0;-307;-72;-235;0;0;0;-1182;125;125;0;0;-1307;598;-1905;0;0;0;0;0;0;0;0;0;0;0;0;0;0;-1;0;-1;-101;;;;;;;;;;0;0;0;-96;-89;-7;;;;;;;;;0;;;0;0;0;0;0;;0;0;0;0;;-5;0;-5;-1389
"Households including NPISHs";"Not consolidated";"Other volume changes";"2024";-411;;;;0;0;0;0;0;0;-282;-130;-152;0;0;0;-136;216;216;0;0;-352;-4;-348;0;0;0;0;0;0;0;0;0;0;0;0;0;0;7;0;7;-117;;;;;;;;;;0;0;0;-117;-98;-19;;;;;;;;;0;;;0;0;0;0;0;;0;0;0;0;;0;0;0;-294
"Households including NPISHs";"Not consolidated";"Other volume changes";"2025*";-189;;;;0;0;0;0;0;0;-185;-44;-141;0;0;0;-4;165;-192;357;0;-169;-42;-127;0;0;0;0;0;0;0;0;0;0;0;0;0;0;0;0;0;-127;;;;;;;;;;0;0;0;-127;-80;-47;;;;;;;;;0;;;0;0;0;0;0;;0;0;0;0;;0;0;0;-62
"Households including NPISHs";"Not consolidated";"Other volume changes";"2026 1st quarter*";-140;;;;0;0;0;0;0;0;-38;0;-38;0;0;0;-102;-24;-24;0;0;-78;-1;-77;0;0;0;0;0;0;0;0;0;0;0;0;0;0;0;0;0;-22;;;;;;;;;;0;0;0;-22;-19;-3;;;;;;;;;0;;;0;0;0;0;0;;0;0;0;0;;0;0;0;-118
"Households including NPISHs";"Not consolidated";"Other volume changes";"2026 2nd quarter*";38;;;;0;0;0;0;0;0;21;0;21;0;0;0;17;75;75;0;0;-58;4;-62;0;0;0;0;0;0;0;0;0;0;0;0;0;0;0;0;0;-31;;;;;;;;;;0;0;0;-31;-25;-6;;;;;;;;;0;;;0;0;0;0;0;;0;0;0;0;;0;0;0;69
"Households including NPISHs";"Not consolidated";"Closing balance sheet";"2015";2467984;;;;412837;10500;61130;341207;341177;30;8051;41;8010;10189;503;9686;491561;404114;34255;329726;40133;87447;240;87207;1486819;8500;143259;1334976;1332230;2746;0;2746;84;1033;563;9;554;470;57494;15694;41800;871073;;;;;;;;;;0;0;0;832945;45754;787191;;;;;;;;;0;;;0;0;0;0;0;;1077;1077;21;1056;;37051;14082;22969;1596911
"Households including NPISHs";"Not consolidated";"Closing balance sheet";"2016";2647629;;;;422672;9679;65810;347183;347183;0;7527;41;7486;9876;100;9776;530994;440516;36994;362081;41441;90478;270;90208;1623591;7465;143867;1472172;1468191;3981;0;3981;87;981;478;9;469;503;51988;15413;36575;884428;;;;;;;;;;2;0;2;848994;45002;803992;;;;;;;;;0;;;0;0;0;0;0;;1001;1001;24;977;;34431;13739;20692;1763201
"Households including NPISHs";"Not consolidated";"Closing balance sheet";"2017";2651207;;;;429407;9056;69857;350494;350494;0;7271;27;7244;10070;95;9975;547027;451642;42167;364756;44719;95385;264;95121;1605806;6702;134538;1464474;1461001;3473;0;3473;92;513;35;11;24;478;51113;16000;35113;903910;;;;;;;;;;4;0;4;869087;45391;823696;;;;;;;;;0;;;0;0;0;0;0;;380;380;20;360;;34439;14036;20403;1747297
"Households including NPISHs";"Not consolidated";"Closing balance sheet";"2018";2701635;;;;437818;8735;72505;356578;356578;0;7009;27;6982;10582;341;10241;548719;462443;39093;375871;47479;86276;377;85899;1646971;6878;122301;1517701;1513120;4581;0;4581;91;507;28;10;18;479;50029;16453;33576;922631;;;;;;;;;;6;0;6;889357;45498;843859;;;;;;;;;0;;;0;0;0;0;0;;195;195;21;174;;33073;13852;19221;1779004
"Households including NPISHs";"Not consolidated";"Closing balance sheet";"2019";3013055;;;;461623;9268;83018;369337;369337;0;7152;9;7143;10728;73;10655;581623;484525;47575;384815;52135;97098;263;96835;1904584;6852;134580;1763054;1757412;5642;0;5642;98;494;20;11;9;474;46851;17512;29339;943970;;;;;;;;;;8;0;8;909852;46126;863726;;;;;;;;;0;;;0;0;0;0;0;;223;223;27;196;;33887;14421;19466;2069085
"Households including NPISHs";"Not consolidated";"Closing balance sheet";"2020";3298983;;;;506007;10714;101737;393556;393556;0;7166;5;7161;11223;230;10993;618865;521122;52552;411797;56773;97743;244;97499;2109457;7112;130440;1971813;1969701;2112;0;2112;92;411;22;14;8;389;45854;15903;29951;968394;;;;;;;;;;10;0;10;937237;47403;889834;;;;;;;;;0;;;0;0;0;0;0;;66;66;24;42;;31081;13013;18068;2330589
"Households including NPISHs";"Not consolidated";"Closing balance sheet";"2021";3318148;;;;541854;12970;120213;408671;408671;0;6702;47;6655;11764;433;11331;704163;586474;64589;461191;60694;117689;245;117444;2004846;7361;122077;1875312;1872316;2996;0;2996;96;474;24;17;7;450;48345;17890;30455;1003533;;;;;;;;;;10;0;10;972453;44503;927950;;;;;;;;;0;;;0;0;0;0;0;;34;34;21;13;;31036;15044;15992;2314615
"Households including NPISHs";"Not consolidated";"Closing balance sheet";"2022";2947275;;;;576698;14645;129717;432336;432336;0;6415;145;6270;12407;596;11811;708568;609810;53822;491769;64219;98758;145;98613;1592042;7806;99912;1484208;1484208;0;0;0;116;540;23;14;9;517;50605;20439;30166;1046456;;;;;;;;;;10;0;10;1009411;45483;963928;;;;;;;;;0;;;0;0;0;0;0;;28;28;22;6;;37007;16682;20325;1900819
"Households including NPISHs";"Not consolidated";"Closing balance sheet";"2023";3157246;;;;600118;16811;118691;464616;464616;0;7329;813;6516;12892;840;12052;749150;641886;59062;515753;67071;107264;485;106779;1733350;9272;101055;1622872;1622872;0;0;0;151;611;23;15;8;588;53796;21127;32669;1058932;;;;;;;;;;10;0;10;1016443;47310;969133;;;;;;;;;0;;;0;0;0;0;0;;36;36;30;6;;42443;16522;25921;2098314
"Households including NPISHs";"Not consolidated";"Closing balance sheet";"2024";3363908;;;;634096;20208;116998;496890;496890;0;7692;750;6942;13159;724;12435;805732;681629;65231;545085;71313;124103;1004;123099;1840411;9146;101169;1729905;1729905;0;0;0;191;681;24;17;7;657;62137;22402;39735;1096858;;;;;;;;;;10;0;10;1056255;49382;1006873;;;;;;;;;0;;;0;0;0;0;0;;45;45;38;7;;40548;17017;23531;2267050
"Households including NPISHs";"Not consolidated";"Closing balance sheet";"2025*";3285678;;;;678041;24668;117295;536078;536078;0;7639;491;7148;13509;686;12823;867385;733346;70784;588541;74021;134039;1184;132855;1654738;9664;97171;1547692;1547692;0;0;0;211;676;28;20;8;648;63690;23183;40507;1146529;;;;;;;;;;10;0;10;1105398;52100;1053298;;;;;;;;;0;;;0;0;0;0;0;;45;45;39;6;;41076;17561;23515;2139149
"Households including NPISHs";"Not consolidated";"Closing balance sheet";"2026 1st quarter*";3455043;;;;685169;25657;114908;544604;544604;0;8702;1246;7456;13673;760;12913;879944;743518;71493;597238;74787;136426;1458;134968;1799168;10239;95518;1693195;1693195;0;0;0;216;692;27;19;8;665;67695;23162;44533;1157679;;;;;;;;;;10;0;10;1117977;52912;1065065;;;;;;;;;0;;;0;0;0;0;0;;51;51;45;6;;39641;18174;21467;2297364
"Households including NPISHs";"Not consolidated";"Closing balance sheet";"2026 2nd quarter*";3574637;;;;705896;27198;121034;557664;557664;0;9000;1372;7628;13644;636;13008;922078;767283;76888;613495;76900;154795;1428;153367;1857672;10204;97872;1749375;1749375;0;0;0;221;716;34;26;8;682;65631;23709;41922;1174083;;;;;;;;;;10;0;10;1131461;53740;1077721;;;;;;;;;0;;;0;0;0;0;0;;78;78;71;7;;42534;18421;24113;2400554
